insider_name,position,nature,volume,price,transaction_date,raw_text_length,likely_scanned,symbol,filing_date,source_url
Charles Enterprises LLC,Significant Shareholder,Sale of Shares,,,08/09/2026 – 15/09/2026,2108,False,MBENEFIT,2026-09-16T11:00:03Z,https://doclib.ngxgroup.com/Financial_NewsDocs/105_INSIDER_DEALING_NOTIFICATION_CHARLES_ENTERPRISES_2026_.pdf
Hakeem Oguntola,Financial Consultant,Purchase of Shares,,,"11/09/2026, 15/09/2026",2232,False,MBENEFIT,2026-09-16T10:50:02Z,https://doclib.ngxgroup.com/Financial_NewsDocs/105_INSIDER_DEALING_NOTIFICATION_OGUNTOLA_2026_.pdf
Babajide O. Ibitayo,Company Secretary,Purchase of Shares,,,09/09/2026,2085,False,MBENEFIT,2026-09-16T10:30:03Z,https://doclib.ngxgroup.com/Financial_NewsDocs/105_INSIDER_DEALING_NOTIFICATION_IBITAYO_2026_.pdf
Chika Flora Udu,PA to Chairman,Purchase of Shares,,,08/09/2026,2221,False,MBENEFIT,2026-09-16T10:20:02Z,https://doclib.ngxgroup.com/Financial_NewsDocs/105_INSIDER_DEALING_NOTIFICATION_UDU_2026_.pdf
Abayomi Ogunwo,Chief Finance Officer,Purchase of Shares,,,08/09/2026- 09/09/2026,2242,False,MBENEFIT,2026-09-16T10:15:03Z,https://doclib.ngxgroup.com/Financial_NewsDocs/105_INSIDER_DEALING_NOTIFICATION_OGUNWO_2026_.pdf
Olufemi A Asenuga,Managing Director/CEO,Purchase of Shares,,,07/09/2026- 11/09/2026,2244,False,MBENEFIT,2026-09-16T10:10:04Z,https://doclib.ngxgroup.com/Financial_NewsDocs/105_INSIDER_DEALING_NOTIFICATION_ASENUGA_2026_.pdf
Creditville Nigeria Limited,Related Party to a Non- Executive Director (Mr. Michael,Sale,"12,000,000",3.40,"September 14, 2026",1325,False,CHAMS,2026-09-15T15:10:03Z,https://doclib.ngxgroup.com/Financial_NewsDocs/38_INSIDER_DEALING-_CREDITVILLE_2B-_SALE-APPROVED.pdf
Hajia Binta Bakari,Non-Executive Director,Sale of Shares,,,18th August 2026  ̶̶  3rd September 2026.,2481,False,LEARNAFRCA,2026-09-14T16:15:03Z,https://doclib.ngxgroup.com/Financial_NewsDocs/98_Notification_of_Insider_Share_Dealing_-_LA_Plc_(Hajia_Binta_Bakari).pdf
Creditville Nigeria Limited,Related Party to a Non- Executive Director (Mr. Michael,Purchase,"500,000",3.42,"September 9, 2026",1322,False,CHAMS,2026-09-11T09:30:02Z,https://doclib.ngxgroup.com/Financial_NewsDocs/38_INSIDER_DEALING-_CREDITVILLE_2A_PURCHASE-APPROVED.pdf
Creditville Nigeria Limited,Related Party to a Non- Executive Director (Mr. Michael,Sale,"9,000,000",3.18,"September 9, 2026",1322,False,CHAMS,2026-09-11T09:20:02Z,https://doclib.ngxgroup.com/Financial_NewsDocs/38_INSIDER_DEALING-_CREDITVILLE_2A_SALE-APPROVED.pdf
,Independent Non-Executive Director,Purchase of Shares,,,"August 31, 2026",1833,False,CUTIX,2026-09-11T08:55:06Z,https://doclib.ngxgroup.com/Financial_NewsDocs/48_Cutix_Plc_-_Notification_of_Share_Dealing_by_an_Insider.pdf
Sephine Edefe Nig Ltd,Substantial Shareholder,Purchase,,,"10/08/2026, 04/09/2026 and 08/09/2026",1489,False,CONHALLPLC,2026-09-09T15:45:04Z,https://doclib.ngxgroup.com/Financial_NewsDocs/249_INSIDER_DEALING_--_SEPHINE_EDEFE_NIG_LTD.pdf
OMODE EMMANUEL OLADIMEJI,"HEAD, TREASURY",,,,4 MAY 2026,1073,False,DANGCEM,2026-09-08T15:50:02Z,https://doclib.ngxgroup.com/Financial_NewsDocs/50_Notification_of_Insider_Dealing_-_OMODE_EMMANUEL_OLADIMEJI_-_NGX_Approved_-_Signed.pdf
ISMAIL BALA MOHAMMED,"TEAM LEAD, TREASURY",,,,8 MAY 2026,1033,False,DANGCEM,2026-09-08T15:40:02Z,https://doclib.ngxgroup.com/Financial_NewsDocs/50_Notification_of_Insider_Dealing_-_ISMAIL_BALA_MOHAMMED_-_NGX_Approved_-_Signed.pdf
Eze Ben Onuora,Non-Executive Director,Purchase,,,19/08/2026,1380,False,CONHALLPLC,2026-09-05T19:05:04Z,https://doclib.ngxgroup.com/Financial_NewsDocs/249_INSIDER_DEALING_-_EZE_BEN_ONUORA.pdf
Saheed Lasisi,Executive Director,Share Sale,,,1/09/2026,1116,False,NAHCO,2026-09-05T06:15:06Z,https://doclib.ngxgroup.com/Financial_NewsDocs/114_NAHCO_PLC_-_Notication_of_Share_Dealing_by_Insider-_SL.pdf
Saheed Lasisi,Executive Director,Share Sale,,,15 - 31/08/2026,1123,False,NAHCO,2026-09-04T15:00:03Z,https://doclib.ngxgroup.com/Financial_NewsDocs/114_NAHCO_PLC_-_Notication_of_Share_Dealing_by_Insider_-_-_SL.pdf
,Company Related to a Significant Shareholder – Mr. Olufemi,Purchase of Shares,,,"August 24, 2026",1583,False,FIRSTHOLDCO,2026-08-24T15:15:01Z,https://doclib.ngxgroup.com/Financial_NewsDocs/65_First_HoldCo_Plc-_Notification_of_Insider_Dealing_-_Calvados-_August__24_2026.pdf
OYEBODE ISAAC BAYONLE,"Team Member, Internal Control.",SALE OF SHARES,"3,651",17.85,"August 18, 2026",1405,False,UCAP,2026-08-19T14:30:01Z,https://doclib.ngxgroup.com/Financial_NewsDocs/176_SIGNED_-_NOTICE_OF_INSIDER_DEALING_-_SALE_-_OYEBODE_ISAAC_BAYONLE-19.08.2026.pdf
Hajia Binta Bakari,Non-Executive Director,Sale of Shares,,,10th August 2026  ̶̶  13th August 2026.,1798,False,LEARNAFRCA,2026-08-18T15:00:04Z,https://doclib.ngxgroup.com/Financial_NewsDocs/98_Notification_of_Insider_Share_Dealing_-_Hajia_Binta_Bakari.pdf
,Company Related to a Significant Shareholder – Mr. Olufemi,Purchase of Shares,,,"August 14, 2026",1578,False,FIRSTHOLDCO,2026-08-17T17:20:03Z,https://doclib.ngxgroup.com/Financial_NewsDocs/65_FirstHoldCo_Plc_-_Notification_of_Insider_Dealing_-_Calvados-_August_17_2026.pdf
MORENIKEJI FOLORUNSHO,"Team Member, Trade & Investment, Operations",PURCHASE OF SHARES,"2,083",17.65,"August 14, 2026",1426,False,UCAP,2026-08-17T10:40:03Z,https://doclib.ngxgroup.com/Financial_NewsDocs/176_SIGN-NOTICE_OF_INSIDER_DEALING-PURCHAS-MORENIKEJI_FOLORUNSHO-17.08.2026.pdf
OTUSANYA TAIWO,"Team Member, Corporate Services",SALES OF SHARES,"17,000",17.65,"August 14, 2026",1406,False,UCAP,2026-08-17T08:15:06Z,https://doclib.ngxgroup.com/Financial_NewsDocs/176_SIGN-NOTICE_OF_INSIDER_DEALING-SALES-OTUSANYA_TAIWO-17.8.2026.pdf
TOLULOPE AJAYI,An Employee of Nigerian Exchange Limited (a subsidiary of,Sale of Nigerian Exchange Group Shares,,,"11 August, 2026",1189,False,NGXGROUP,2026-08-11T19:05:04Z,https://doclib.ngxgroup.com/Financial_NewsDocs/236_Share_Dealing_Notification_-_Tolulope_Ajayi.pdf
,NON-EXECUTIVE DIRECTOR,BUY,"8,154",33.00,6TH AUGUST 2026,1376,False,ETERNA,2026-08-11T09:50:05Z,https://doclib.ngxgroup.com/Financial_NewsDocs/61_NOTIFICATION_OF_DIRECTOR_DEALING_EMMANUEL_OMUOJINE.11.08.2026.pdf
ZAYYAD SHITTU,An Employee of Nigerian Exchange Group Plc,Sale of Nigerian Exchange Group Shares,,,"31 July, 2026",1159,False,NGXGROUP,2026-08-07T19:50:35Z,https://doclib.ngxgroup.com/Financial_NewsDocs/236_Share_Dealing_Notification_-_Zayyad_Shittu.pdf
OLAYINKA SODIPE,An Employee of Nigerian Exchange Group Plc,Sale of Nigerian Exchange Group Shares,,,"31 July, 2026",1338,False,NGXGROUP,2026-08-07T19:50:03Z,https://doclib.ngxgroup.com/Financial_NewsDocs/236_Share_Dealing_Notification_-_Olayinka_Sodipe.pdf
,Company Related to a Significant Shareholder – Mr. Olufemi,Purchase of Shares,,,"August 06, 2026",1584,False,FIRSTHOLDCO,2026-08-07T10:35:06Z,https://doclib.ngxgroup.com/Financial_NewsDocs/65_Notification_of_Insider_Dealing_-_Calvados-_August_07_2026.pdf
ABAFOR ARINZE PRAISE,"Team Member, Trade & Investment (Securities), Operations",PURCHASE OF SHARES,"13,000",18.00,"August 3, 2026",1474,False,UCAP,2026-08-04T12:00:05Z,https://doclib.ngxgroup.com/Financial_NewsDocs/176_SIGN_-_NOTICE_OF_INSIDER_DEALING-PURCHASE_ABAFOR_ARINZE_PRAISE-04.08.2026.docx.pdf
TINUOLU-GABRIEL OLUREMI I,"Director, Retail & Digital Businesses, Enterprise Retail",PURCHASE OF SHARES,"34,000",18.05,"August 3, 2026",1443,False,UCAP,2026-08-04T11:50:04Z,https://doclib.ngxgroup.com/Financial_NewsDocs/176_SIGN_-_NOTICE_OF_INSIDER_DEALING-PURCHASE-TINUOLU-GABRIEL_OLUREMI-4-8-2026.pdf
,Company Related to a Significant Shareholder – Mr. Olufemi,Purchase of Shares,,,"July 30, 2026",1587,False,FIRSTHOLDCO,2026-07-30T09:20:02Z,https://doclib.ngxgroup.com/Financial_NewsDocs/65_Notification_of_Insider_Dealing_-_Calvados-_July_30_2026.pdf
,"Group Head , Brand Marketing and Corporate",Purchase of Shares,,,Monday 27th July 2026,1679,False,TRANSCORP,2026-07-29T11:05:02Z,https://doclib.ngxgroup.com/Financial_NewsDocs/170_Insider_Dealing_Notification_-_Adeshola_Shittu.pdf
,"Group Head, Internal Audit",Purchase of Shares,,,Monday 27th July 2026,1735,False,TRANSCORP,2026-07-29T11:00:02Z,https://doclib.ngxgroup.com/Financial_NewsDocs/170_Insider_Dealing_Notification_-_Chinweugo_Nwafor.pdf
,Group Company Secretary,Purchase of Shares,,,Monday 27th July 2026,1642,False,TRANSCORP,2026-07-29T10:55:01Z,https://doclib.ngxgroup.com/Financial_NewsDocs/170_Insider_Dealing_Notification_-_Atinuke_Kolade.pdf
,Group Chief Financial Officer,Purchase of Shares,,,Monday 27th July 2026,1653,False,TRANSCORP,2026-07-29T10:46:22Z,https://doclib.ngxgroup.com/Financial_NewsDocs/170_Insider_Dealing_Notification_-_Festus_Izevbizua.pdf
,Executive Director / President Group CEO,Purchase of Shares,,,Monday 27th July 2026,1730,False,TRANSCORP,2026-07-29T10:25:02Z,https://doclib.ngxgroup.com/Financial_NewsDocs/170_Insider_Dealing_Notification_-_Owen_Omogiafo_OON.pdf
,Company Related to a Significant Shareholder – Mr. Olufemi,Purchase of Shares,,,"July 22, 2026",1581,False,FIRSTHOLDCO,2026-07-22T12:55:01Z,https://doclib.ngxgroup.com/Financial_NewsDocs/65_FirstHoldCo_Notification_of_Insider_Dealing_Calvados.pdf
,Employee of Aradel Holdings PLC (Company,Sale of Aradel shares,,,"June 30th, 2026",1507,False,ARADEL,2026-07-03T15:46:01Z,https://doclib.ngxgroup.com/Financial_NewsDocs/252_Notification_of_Share_Sale_-_Titi_Omisore_-_2.7.2026.pdf
Creditville Nigeria Limited,Related Party to a Non- Executive Director (Mr. Michael,Sale,"8,000,000",4.13,"June 29, 2026 and June 30, 2026",1367,False,CHAMS,2026-07-03T10:15:01Z,https://doclib.ngxgroup.com/Financial_NewsDocs/38_INSIDER_DEALING_-_CREDITVILLE_1-APPROVED.pdf
,"Employee of Aradel Holdings PLC (GM,",Sale of Aradel shares,,,"June 29th – 30th, 2026",1429,False,ARADEL,2026-07-03T08:50:02Z,https://doclib.ngxgroup.com/Financial_NewsDocs/252_Notification_of_Share_Sale_-_Temitayo_Ogunbanjo_-_2.7.2026.pdf
,Employee of Aradel Holdings PLC (Associate,Purchase of Aradel shares,,,"June 30th, 2026",1447,False,ARADEL,2026-07-03T08:40:01Z,https://doclib.ngxgroup.com/Financial_NewsDocs/252_Notification_of_Share_Purchase_-_Samuel_Stephen_-_2.7.2026.pdf
,Employee of Aradel Holdings PLC (Laboratory,Purchase of Aradel shares,,,"June 26th, 2026",1451,False,ARADEL,2026-07-03T08:35:02Z,https://doclib.ngxgroup.com/Financial_NewsDocs/252_Notification_of_Share_purchase_-_Olubunmi_Oguntola_-_2.7.2026.pdf
,Employee of Aradel Holdings PLC (Deputy,Purchase of Aradel shares,,,"June 25th, 2026",1483,False,ARADEL,2026-07-03T08:30:02Z,https://doclib.ngxgroup.com/Financial_NewsDocs/252_Notification_of_Share_Purchase_-_Oghogho_Aghimien_-_2.7.2026.pdf
,Employee of Aradel Holdings PLC (Associate,Purchase of Aradel shares,,,"June 25th, 2026",1454,False,ARADEL,2026-07-03T08:20:02Z,https://doclib.ngxgroup.com/Financial_NewsDocs/252_Notification_of_Share_Purchase_-_Mustapha_Olawoyin_-_2.7.2026.pdf
,Employee of Aradel Holdings PLC (Server,Purchase of Aradel shares,,,June 27th 2026,1477,False,ARADEL,2026-07-03T08:15:02Z,https://doclib.ngxgroup.com/Financial_NewsDocs/252_Notification_of_Share_Purchase_-_Idara_Ukpong_-_2.7.2026.pdf
,Employee of Aradel Holdings PLC (Graduate,Purchase of Aradel shares,,,"June 30th, 2026",1439,False,ARADEL,2026-07-03T08:10:01Z,https://doclib.ngxgroup.com/Financial_NewsDocs/252_Notification_of_Share_Purchase_-_Emi_Amakiri_-_2.7.2026.pdf
,"Employee of Aradel Holdings PLC (GM, Nile Delta)",Purchase of Aradel shares,,,"June 25th, 2026",1469,False,ARADEL,2026-07-03T08:05:02Z,https://doclib.ngxgroup.com/Financial_NewsDocs/252_Notification_of_Share_Purchase_-_Babatunde_Odeyemi_-_2.7.2026.pdf
,Employee of Aradel Holdings PLC (Graduate,Purchase of Aradel shares,,,"June 29th to 30th, 2026",1479,False,ARADEL,2026-07-03T08:00:02Z,https://doclib.ngxgroup.com/Financial_NewsDocs/252_Notification_of_Share_Purchase_-_Allen_Wobo_-_2.7.2026.pdf
,Employee of Aradel Holdings PLC,Purchase of Aradel shares,,,"June 26th to 30th, 2026",1551,False,ARADEL,2026-07-03T07:55:07Z,https://doclib.ngxgroup.com/Financial_NewsDocs/252_Notification_of_Share_Purchase_-_Victoria_Humprey__-_2.7.2026.pdf
Mr. Friday Nwachukwu,Chief Financial Officer,Purchase,"29,630",69.00,,1098,False,CUSTODIAN,2026-07-02T11:40:04Z,https://doclib.ngxgroup.com/Financial_NewsDocs/47_Notification_of_Share_Dealing_-_Mr._Friday_Nwachukwu.pdf
ANIL DUA,"Non-Executive Director, First Bank of Nigeria Limited",Purchase of Shares,,,"June 30, 2026",1524,False,FIRSTHOLDCO,2026-07-01T17:50:00Z,https://doclib.ngxgroup.com/Financial_NewsDocs/65_First_HoldCo_Plc_-_Notification_of_Insider_Dealing_-_Anil_Dua_-_July_1_2026.pdf
Mr. Wole Oshin,Managing Director,Purchase,"11,900,000",67.05,,1117,False,CUSTODIAN,2026-07-01T17:10:00Z,https://doclib.ngxgroup.com/Financial_NewsDocs/47_NOTIFICATION_OF_SHARE_DEALING_-_MR_WOLE_OSHIN.pdf
NWAIWU TINA ONYINYECHI,"Director of Sales, Ucee MFB",PURCHASE OF SHARES,"173,350",17.15,"June 30, 2026",1410,False,UCAP,2026-07-01T12:25:01Z,https://doclib.ngxgroup.com/Financial_NewsDocs/176_NOTICE_OF_INSIDER_DEALING-PURCHASE-NWAIWU_TINA-30-06-2026.pdf
ODOEMENE FAITH EUCHARIA,"Regional Office Administrator, Western Region",PURCHASE OF SHARES,"1,950",16.60,"June 30, 2026",1425,False,UCAP,2026-07-01T12:20:01Z,https://doclib.ngxgroup.com/Financial_NewsDocs/176_NOTICE_OF_INSIDER_DEALING-PURCHASE-ODOEMENE_FAITH-30-06-2026.pdf
ODIRI NIEROVWO OGINNI,"Managing Director/CEO, Asset Management",PURCHASE OF SHARES,"47,900",17.00,"June 30, 2026",1419,False,UCAP,2026-07-01T12:15:01Z,https://doclib.ngxgroup.com/Financial_NewsDocs/176_NOTICE_OF_INSIDER_DEALING-PURCHASE-ODIRI_OGINNI-30.06.2026.pdf
,"Staff of Access Bank Plc, a subsidiary of Access",Sale,,,"June 19, 2026",1285,False,ACCESSCORP,2026-07-01T12:00:04Z,https://doclib.ngxgroup.com/Financial_NewsDocs/239_Notification_to_NGX-_Mr._Gbenga_Babatunde_(1).pdf
,Non-Executive Director of Access Holdings Plc,Purchase,,,June 26 and 29 2026,1343,False,ACCESSCORP,2026-07-01T11:55:01Z,https://doclib.ngxgroup.com/Financial_NewsDocs/239_Notification_to_NGX-_Mr._Segun_Ogbonnewo_(1).pdf
Dr. Mohammed Santuraki,Independent Non- Executive Director,Sale,"1,200,000",3.96,"June 25, 2026",1280,False,CHAMS,2026-06-30T14:50:01Z,https://doclib.ngxgroup.com/Financial_NewsDocs/38_INSIDER_DEALING_-_DR_MOHAMMED_SANTURAKI_(INED)_(1)-_APPROVED.pdf
Olusola Peter Obabori,Executive Director,Share Sale,,,11/06/2026,1166,False,NAHCO,2026-06-29T15:05:03Z,https://doclib.ngxgroup.com/Financial_NewsDocs/114_NAHCO_PLC_-_Notification_of_Share_Dealing_by_Insider---OPO.pdf
,,,,,,0,True,ZENITHBANK,2026-06-29T13:50:03Z,"https://doclib.ngxgroup.com/Financial_NewsDocs/198_ZBPLC_Insider_Dealing_Mr._Kennedy_Okwudili_June_29,_2026.pdf"
Mr. Olayinka Jimoh,"Manager, Treasury Operations",Purchase of shares,,,,2443,False,MTNN,2026-06-29T00:00:15Z,https://doclib.ngxgroup.com/Financial_NewsDocs/215_Notification_of_Share_Dealing_by_Insider-_Olayinka_Jimoh.pdf
MTNN Employee Share Acquisition,Related Party,Purchase of shares,,,,2320,False,MTNN,2026-06-26T23:30:02Z,https://doclib.ngxgroup.com/Financial_NewsDocs/215_Notification_of_Share_Dealing_-_Employee_Acquisition_26_June_2026_1.pdf
Mr. Samusideen Odufisan,"General Manager, Finance Business Partnering",Purchase of shares,,,,2158,False,MTNN,2026-06-26T23:05:02Z,https://doclib.ngxgroup.com/Financial_NewsDocs/215_Notification_of_Share_Dealing_by_Insider-_Samusideen_Odufisan.pdf
UNUIGBOJE RITA A,"Group Head, Operations.",PURCHASE OF SHARES,"248,200",17.80,"June 25, 2026",1401,False,UCAP,2026-06-26T17:40:03Z,https://doclib.ngxgroup.com/Financial_NewsDocs/176_SIGN_-_NOTICE_OF_INSIDER_DEALING-PURCHASE-_UNUIGBOJE_RITA-26.06.2026.pdf
OMOLOYE OLUSEGUN DARE,"Group Head, Customer Experience, Customer Experience",PURCHASE OF SHARES,51,17.95,"June 25, 2026",1465,False,UCAP,2026-06-26T17:35:04Z,https://doclib.ngxgroup.com/Financial_NewsDocs/176_SIGN_-_NOTICE_OF_INSIDER_DEALING-PURCHASE-OMOLOYE_OLUSEGUN-26.06.2026.pdf
OLAYIWOLA OLUFEMI,"Chief Risk, Control and Compliance Officer, Enterprise",PURCHASE OF SHARES,"50,000",17.90,"June 25, 2026",1520,False,UCAP,2026-06-26T17:30:03Z,https://doclib.ngxgroup.com/Financial_NewsDocs/176_SIGN_-_NOTICE_OF_INSIDER_DEALING-PURCHASE-OLAYIWOLA_OLUFEMI-26.06.2026.pdf
OLABISI OLADIPUPO MICHAEL,"Technical Assistant to the Group Chief Executive Officer,",PURCHASE OF SHARES,"4,852",17.60,"June 25, 2026",1458,False,UCAP,2026-06-26T17:25:04Z,https://doclib.ngxgroup.com/Financial_NewsDocs/176_SIGN_-NOTICE_OF_INSIDER_DEALING-PURCHASE-_OLABISI_OLADIPU_-_26.06.2026.pdf
OGUNTOYE TOLU DAVID,"Finance Controller, Finance",PURCHASE OF SHARES,"83,770",17.80,"June 25, 2026",1406,False,UCAP,2026-06-26T17:20:03Z,https://doclib.ngxgroup.com/Financial_NewsDocs/176_SIGN_-_NOTICE_OF_INSIDER_DEALING-PURCHASE-OGUNTOYE_TOLU_DAVID-26.06.26.pdf
ODIRI NIEROVWO OGINNI,"Managing Director/CEO, Asset Management",PURCHASE OF SHARES,"1,000,000",17.30,"June 25, 2026",1463,False,UCAP,2026-06-26T17:15:04Z,https://doclib.ngxgroup.com/Financial_NewsDocs/176_SIGN_-_NOTICE_OF_INSIDER_DEALING-PURCHASE-ODIRI_OGINNI-26.06.2026.pdf
NDUNAKA PHILIP,"Portfolio Manager – Africa Operations, Pan Africa Business.",PURCHASE OF SHARES,"49,600",17.30,"June 25, 2026",1432,False,UCAP,2026-06-26T17:10:03Z,https://doclib.ngxgroup.com/Financial_NewsDocs/176_SIGN_-_NOTICE_OF_INSIDER_DEALING-PURCHASE-NDUNAKA_PHILIP-26.06.2026.pdf
MOJEKWU CHUKWUMA,"Director, Southern Region, Asset Management",PURCHASE OF SHARES,"139,600",17.80,"June 25, 2026",1421,False,UCAP,2026-06-26T17:05:04Z,https://doclib.ngxgroup.com/Financial_NewsDocs/176_SIGN_-_NOTICE_OF_INSIDER_DEALING-PURCHASE-MOJEKWU_CHUKWUMA-26.06.2026.pdf
MICHAEL-OBI DORIS OBIAGELI,"Head, Business Development, Asset Management.",PURCHASE OF SHARES,"59,500",17.90,"June 25, 2026",1431,False,UCAP,2026-06-26T17:00:04Z,https://doclib.ngxgroup.com/Financial_NewsDocs/176_SIGN_-_NOTICE_OF_INSIDER_DEALING-PURCHASE-MICHAEL-OBI_DORIS-26.06.2026.pdf
KOMOLAFE OLUSEYE AYOOLA,"Director of Resources, HR",PURCHASE OF SHARES,"134,380",17.40,"June 25, 2026",1479,False,UCAP,2026-06-26T16:50:03Z,https://doclib.ngxgroup.com/Financial_NewsDocs/176_SIGN_-_NOTICE_OF_INSIDER_DEALING-PURCHASE-KOMOLAFE_OLUSEYE-26.06.2026.pdf
FASUYI ADETOLA AINA,"Managing Director, Wealth Management.",PURCHASE OF SHARES,"105,000",17.90,"June 25, 2026",1489,False,UCAP,2026-06-26T16:46:19Z,https://doclib.ngxgroup.com/Financial_NewsDocs/176_SIGN_-_NOTICE_OF_INSIDER_DEALING-PURCHASE-FASUYI_ADETOLA-26.06.2026.pdf
DUROJAIYE ADEDAYO EMMANUEL,"Head, Retail and Mutual Fund Sales, Asset Management.",PURCHASE OF SHARES,"96,200",17.95,"June 25, 2026",1439,False,UCAP,2026-06-26T16:40:03Z,https://doclib.ngxgroup.com/Financial_NewsDocs/176_SIGN_-_NOTICE_OF_INSIDER_DEALING-PURCHASE-DUROJAIYE_ADEDAYO-26.06.2026.pdf
BODE-ARIBISALA ADEDUNKE TOLULOPE,"Director, Sales Operations, Asset Management.",PURCHASE OF SHARES,"483,200",18.00,"June 25, 2026",1439,False,UCAP,2026-06-26T16:35:35Z,https://doclib.ngxgroup.com/Financial_NewsDocs/176_SIGN_-_NOTICE_OF_INSIDER_DEALING-PURCHASE-BODE-ARIBISALA_ADEDUNKE-26.06.26.pdf
BABASOLA EYITAYO OLUWASEUN,"Director, Regional Operations (Nigeria), Asset Management",PURCHASE OF SHARES,"207,000",17.95,"June 25, 2026",1445,False,UCAP,2026-06-26T16:35:04Z,https://doclib.ngxgroup.com/Financial_NewsDocs/176_SIGN_-NOTICE_OF_INSIDER_DEALING-PURCHASE-BABASOLA_EYITAYO-26.06.26.pdf
AKINLAWON AKINKUNMI AYODEJI,Group Chief Information Officer,PURCHASE OF SHARES,"165,700",17.95,"June 25, 2026",1420,False,UCAP,2026-06-26T16:25:03Z,https://doclib.ngxgroup.com/Financial_NewsDocs/176_SIGN_-NOTICE_OF_INSIDER_DEALING-PURCHASE-AKINLAWON_AKINKUNMI-26.06.26.pdf
OKAFOR LEO OBINNA,"General Counsel/ Group Company Secretary, Legal",PURCHASE OF SHARES,"293,000",17.95,"June 25, 2026",1461,False,UCAP,2026-06-26T16:20:03Z,https://doclib.ngxgroup.com/Financial_NewsDocs/176_SIGN_-_NOTICE_OF_INSIDER_DEALING-PURCHASE-OKAFOR_LEO_OBINNA-26.6.26.pdf
ADIGUN AYODEJI GANIYU,Executive Director/Chief Operating Officer,PURCHASE OF SHARES,,,"June 25, 2026",1524,False,UCAP,2026-06-26T16:15:03Z,https://doclib.ngxgroup.com/Financial_NewsDocs/176_SIGN-NOTICE_OF_INSIDER_DEALING-PURCHASE-ADIGUN_AYODEJI_GANIYU-26-6-26.pdf
ADEOLA-BALOGUN ESTHER OLUWAYEMISI,"MD/CEO, UCEE Microfinance Bank",PURCHASE OF SHARES,"129,226",17.80,"June 25, 2026",1460,False,UCAP,2026-06-26T16:05:03Z,https://doclib.ngxgroup.com/Financial_NewsDocs/176_SIGN-NOTICE_OF_INSIDER_DEALING-PURCHASE-ADEOLA-BALOGUN_ESTHER-26.6.26.pdf
AKINDUMILA ALEX AYODEJI,Chief Information Security Officer,PURCHASE OF SHARES,"138,135",17.90,"June 25, 2026",1453,False,UCAP,2026-06-26T15:55:03Z,https://doclib.ngxgroup.com/Financial_NewsDocs/176_SIGN_-NOTICE_OF_INSIDER_DEALING-PURCHASE-AKINDUMILA_ALEX-26.06.2026.pdf
ADEKUNLE EBENEZER ADEWUNMI,"Head, Internal Control",PURCHASE OF SHARES,"58,672",17.80,"June 25, 2026",1478,False,UCAP,2026-06-26T15:40:35Z,https://doclib.ngxgroup.com/Financial_NewsDocs/176_SIGN-NOTICE_OF_INSIDER_DEALING-PURCHASE-ADEKUNLE_EBENEZER-26.06.26.pdf
,,,,,,0,True,ZENITHBANK,2026-06-26T15:40:04Z,https://doclib.ngxgroup.com/Financial_NewsDocs/198_ZBPLC_Insider_Dealing_Mr._Kennedy_Okwudili_June_26_2026.pdf
BINJI HAUWA YUSUF,Relative of the Managing Director/Chief Executive Officer,Sales of Shares,,,19,1180,False,BUACEMENT,2026-06-26T11:50:02Z,https://doclib.ngxgroup.com/Financial_NewsDocs/217_Announcemen_Announcement_of_Insider_Dealings_-_Binji_Hauwa_Yusuf_-_Sale_signed.pdf
AISHA YUSUF BINJI,Relative of the Managing Director/Chief Executive Officer,Purchase of Shares,,,19,1182,False,BUACEMENT,2026-06-25T19:05:01Z,https://doclib.ngxgroup.com/Financial_NewsDocs/217_Announcemen_Announcement_of_Insider_Dealings_-_Aisha_Yusuf_Binji_-_Purchase_signed.pdf
OLABISI OLADIPUPO MICHAEL,"Technical Assistant to the Group Chief Executive Officer,",PURCHASE OF SHARES,"49,780",18.05,"June 24, 2026",1462,False,UCAP,2026-06-25T09:45:03Z,https://doclib.ngxgroup.com/Financial_NewsDocs/176_SIGN_-_NOTICE_OF_INSIDER_DEALING-PURCHASE-_OLABISI_OLADIPU_-_25.06.2026.pdf
,,,,,,0,True,ZENITHBANK,2026-06-24T16:15:04Z,https://doclib.ngxgroup.com/Financial_NewsDocs/198_ZBPLC_Insider_Dealing_Mr._Kennedy_Okwudili_June_24_2026.pdf
,,,,,,0,True,ZENITHBANK,2026-06-24T16:00:04Z,https://doclib.ngxgroup.com/Financial_NewsDocs/198_ZBPLC_Insider_Dealing_Zenith_Nominees_Limited.pdf
,,,,,,0,True,ZENITHBANK,2026-06-24T15:50:02Z,https://doclib.ngxgroup.com/Financial_NewsDocs/198_ZBPLC_Insider_Dealing_Zenith_Staff_Provident_Fund.pdf
,Senior Staff in Parent Company,Purchase of Shares,,,"22nd June, 2026",1210,False,DANGSUGAR,2026-06-24T15:15:01Z,https://doclib.ngxgroup.com/Financial_NewsDocs/52_NOTIFICATION_OF_SHARE_DEALING_BY_INSIDER.pdf
Dr. Tony Anonyai,Non-Executive Director,Purchase,,,"25/5/2026, 26/5/2026, 2/6/2026, 3/6/2026, 4/6/2026 and 9/6/2026",1585,False,CONHALLPLC,2026-06-24T13:05:02Z,https://doclib.ngxgroup.com/Financial_NewsDocs/249_INSIDER_DEALING_-_DR._TONY_ANONYAI_JUNE_2026.pdf
IKE UCHE,Board Chairman,PURCHASE OF SHARES,"32,471",18.05,"June 23, 2026",1455,False,UCAP,2026-06-24T09:20:03Z,https://doclib.ngxgroup.com/Financial_NewsDocs/176_SIGN_-_NOTICE_OF_INSIDER_DEALING-PURCHASE-_IKE_UCHE_-_24.06.2026.pdf
AKINPELUMI DORIS MARIAN,Research Analyst,PURCHASE OF SHARES,"9,705",17.95,"June 22, 2026",1431,False,UCAP,2026-06-23T10:55:01Z,https://doclib.ngxgroup.com/Financial_NewsDocs/176_SIGN_-_NOTICE_OF_INSIDER_DEALING-PURCHASE-AKINPELUMI_DORIS_MARIAN-_23.06.2026.pdf
Mr. Modupe Kadri,Executive Director/Chief Financial Officer,Purchase of shares,,,,3284,False,MTNN,2026-06-18T17:25:03Z,https://doclib.ngxgroup.com/Financial_NewsDocs/215_Notification_of_Share_Dealing_by_Insider-_Modupe_Kadri2.pdf
MTNN EMPLOYEE SHARE ACQUISITION TRUST,Related Party,Purchase of shares,,,,2245,False,MTNN,2026-06-18T17:11:25Z,https://doclib.ngxgroup.com/Financial_NewsDocs/215_Notification_of_Share_Dealing_by_Insider-_Employee_Acquisition.pdf
,EMPLOYEE,"Sale of 2,469,604 units of UACN Shares at ₦185 per share",,,17 June 2026,1535,False,UACN,2026-06-17T17:55:05Z,https://doclib.ngxgroup.com/Financial_NewsDocs/173_Share_Dealing_-_Ayomipo.pdf
"Mr. Alli, Mubarak Adegboyega","Accountant, Financial Analysis",Sale of shares,,,,2148,False,MTNN,2026-06-16T22:45:05Z,https://doclib.ngxgroup.com/Financial_NewsDocs/215_Notification_of_Share_Dealing_by_Insider-_Alli_Mubarak_Adegboyega.pdf
Mr. Anthony Aigbe,"Analyst, Treasury Operations",Sale of shares,,,,2120,False,MTNN,2026-06-16T22:30:05Z,https://doclib.ngxgroup.com/Financial_NewsDocs/215_Notification_of_Share_Dealing_by_Insider-_Anthony_Aigbe.pdf
Mr. Modupe Kadri,Executive Director/Chief Financial Officer,Purchase of shares,,,,2143,False,MTNN,2026-06-16T22:25:06Z,https://doclib.ngxgroup.com/Financial_NewsDocs/215_Notification_of_Share_Dealing_by_Insider-_Modupe_Kadri.pdf
,,,,,,0,True,ZENITHBANK,2026-06-16T21:05:06Z,https://doclib.ngxgroup.com/Financial_NewsDocs/198_ZBPLC_Directors_Share_Trading_Mr_Kennedy_Okwudili_June16.pdf
,"RELATIONSHIP WITH MR. KHALIFA BIOBAKU, A NON-EXECUTIVE DIRECTOR","Sale of 45,197,311 units of UACN Shares at ₦185 per share",,,16 June 2026,1594,False,UACN,2026-06-16T18:20:02Z,https://doclib.ngxgroup.com/Financial_NewsDocs/173_Share_Dealing_-_Dalio.pdf
ANIL DUA,"Non-Executive Director, First Bank of Nigeria Limited",Purchase of Shares,,,"June 16, 2026",1525,False,FIRSTHOLDCO,2026-06-16T17:45:02Z,https://doclib.ngxgroup.com/Financial_NewsDocs/65_Notification_of_Insider_Dealing_-_Anil_Dua_-_June_16_2026.pdf
Dr Akinade Ogunbiyi,Non – Executive Director,Sale of Shares,,,3/06/2026- 9/06/2026,2291,False,MBENEFIT,2026-06-16T17:30:04Z,https://doclib.ngxgroup.com/Financial_NewsDocs/105_INSIDER_DEALING_NOTIFICATION_2026.pdf
,,,,,,0,True,ZENITHBANK,2026-06-15T11:30:02Z,https://doclib.ngxgroup.com/Financial_NewsDocs/198_ZBPLC_Directors_Share_Trading_Mr_Kennedy_Okwudili_June15.pdf
TINUOLU-GABRIEL OLUREMI I,"Director of Retail & Digital Businesses, Enterprise Retail",PURCHASE OF SHARES,"7,910",18.20,"June 11, 2026",1475,False,UCAP,2026-06-11T16:40:00Z,https://doclib.ngxgroup.com/Financial_NewsDocs/176_SIGN_-_NOTICE_OF_INSIDER_DEALING-PURCHASE-TINUOLU-GABRIEL_OLUREMI_I-_11.06.2026.pdf
NNOROM CHIMAMANDA FLORENCE,"Relative of Uchechukwu Nnorom, Business Operations",PURCHASE OF SHARES,"5,000",18.65,"June 10, 2026",1492,False,UCAP,2026-06-11T15:50:02Z,https://doclib.ngxgroup.com/Financial_NewsDocs/176_SIGN_-_NOTICE_OF_INSIDER_DEALING-PURCHASE-NNOROM_CHIMAMANDA_FLORENCE-11.06.2026.pdf
NNOROM MMESOMACHI OLIVIA,"Relative of Uchechukwu Nnorom, Business Operations",PURCHASE OF SHARES,"5,000",18.65,"June 10, 2026",1490,False,UCAP,2026-06-11T15:45:02Z,https://doclib.ngxgroup.com/Financial_NewsDocs/176_SIGN_-_NOTICE_OF_INSIDER_DEALING-PURCHASE-NNOROM_MMESOMACHI_OLIVIA-_11.06.2026.pdf
NNOROM UCHECHUKWU AND CHIDINMA,"Relative of Uchechukwu Nnorom, Business Operations",PURCHASE OF SHARES,"5,000",18.65,"June 10, 2026",1496,False,UCAP,2026-06-11T15:35:02Z,https://doclib.ngxgroup.com/Financial_NewsDocs/176_SIGN_-_NOTICE_OF_INSIDER_DEALING-PURCHASE-NNOROM_UCHECHUKWU_AND_CHIDIN-11.06.2026.pdf
,"COMPANY RELATED TO A NON-EXECUTIVE DIRECTOR, VISWANATHAN SHANKAR",SOLD DANGOTE CEMENT PLC SHARES,,,8 June 2026,1065,False,DANGCEM,2026-06-11T13:50:02Z,https://doclib.ngxgroup.com/Financial_NewsDocs/50_Notification_of_Insider_Dealing_-_GW_GREY_PTE_LTD_(11-06-26)_-_Signed.pdf
,,,,,,0,True,ZENITHBANK,2026-06-10T16:55:01Z,https://doclib.ngxgroup.com/Financial_NewsDocs/198_scan_(14).pdf
,Independent Non-Executive Director,Purchase of shares by Mr. Christopher Okeke,,,,4279,False,SEPLAT,2026-06-10T14:46:21Z,https://doclib.ngxgroup.com/Financial_NewsDocs/47153_SEPLAT_ENERGY_PLC-NOTIFICATION_OF_SHARE_DEALING_BY_PDMR_-_MR_CHRIS_OKEKE_CORPORATE_ACTIONS_JUNE_2026.pdf
NNOROM PRINCESS CHINWE,"Relative of Uchechukwu Nnorom, Business Operations",PURCHASE OF SHARES,"10,000",18.25,"June 9, 2026",1489,False,UCAP,2026-06-10T13:45:01Z,https://doclib.ngxgroup.com/Financial_NewsDocs/176_SIGN_-_NOTICE_OF_INSIDER_DEALING-PURCHASE-NNOROM_PRINCESS_CHINWE-_10.06.2026.pdf
OKOLOIGWE VIVIAN IFEOMA,"Head Coverage & Distributions, Investment Banking",PURCHASE OF SHARES,"16,500",18.50,"June 8, 2026",1430,False,UCAP,2026-06-09T15:44:59Z,https://doclib.ngxgroup.com/Financial_NewsDocs/176_SIGN_-_NOTICE_OF_INSIDER_DEALING-PURCHASE-OKOLOIGWE_VIVIAN_IFEOMA-_09.06.2026.pdf
OLAYIWOLA OLUFEMI,"Chief Risk, Control and Compliance Officer, Enterprise Risk",PURCHASE OF SHARES,"50,000",18.55,"June 8, 2026",1446,False,UCAP,2026-06-09T15:39:59Z,https://doclib.ngxgroup.com/Financial_NewsDocs/176_SIGN_-_NOTICE_OF_INSIDER_DEALING-PURCHASE-OLAYIWOLA_OLUFEMI-09.06.2026.pdf
OKAFOR ANTHONIA OGOCHUKWU,"Team Member, IT Operations and Support, Information",PURCHASE OF SHARES,"10,516",18.25,"June 5, 2026",1480,False,UCAP,2026-06-08T12:50:04Z,https://doclib.ngxgroup.com/Financial_NewsDocs/176_SIGN_-_NOTICE_OF_INSIDER_DEALING-PURCHASE-OKAFOR_ANTHONIA_OGOCHUKW-05.06.2026.pdf
OLAYIWOLA OLUFEMI,"Chief Risk, Control and Compliance Officer, Enterprise Risk",PURCHASE OF SHARES,"20,000",18.10,"June 4, 2026",1446,False,UCAP,2026-06-05T11:30:04Z,https://doclib.ngxgroup.com/Financial_NewsDocs/176_SIGN_-_NOTICE_OF_INSIDER_DEALING-PURCHASE-OLAYIWOLA_OLUFEMI-06.05.2026.pdf
ABUBAKAR YUSUF BINJI,Relative of a Board Member,Purchase of Shares,,,1,1094,False,BUACEMENT,2026-06-04T17:10:03Z,https://doclib.ngxgroup.com/Financial_NewsDocs/217_Notice_of_Insider_Dealings_-_Abubakar_Yusuf_Binji.pdf
BINJI HAUWA YUSUF,Relative to Board Member,Sales of Shares,,,1,1074,False,BUACEMENT,2026-06-04T17:00:03Z,https://doclib.ngxgroup.com/Financial_NewsDocs/217_Notice_of_Insider_Dealings_-_Binji_Hauwa_Yusuf_updated.pdf
Vine Foods Limited,Related party to a Non-Executive Director –,Purchase of Shares,,,"June 01, 2026",1455,False,UBA,2026-06-04T14:25:36Z,https://doclib.ngxgroup.com/Financial_NewsDocs/175_Notification_of_Share_Dealing_by_Insider_-_Vine_Foods_Limited.pdf
,"Staff of Access Bank Plc, a subsidiary of Access",Sale,,,"June 1, 2026",1459,False,ACCESSCORP,2026-06-02T14:50:05Z,https://doclib.ngxgroup.com/Financial_NewsDocs/239_Notification_to_NGX-_Mr._Arinze_Osuachala.pdf
,,,,,,0,True,ZENITHBANK,2026-06-02T13:40:02Z,https://doclib.ngxgroup.com/Financial_NewsDocs/198_ZBPLC_Directors_Share_Trading_Mr_Kennedy_Okwudili_June_2.pdf
Saheed Lasisi,Executive Director,Share Sale,,,22 - 25/05/2026,1162,False,NAHCO,2026-06-01T20:40:03Z,https://doclib.ngxgroup.com/Financial_NewsDocs/114_NAHCO_PLC_-_Notification_of_Share_Dealing_by_Insider_SL.pdf
Mr. Johnson Oyewo,"Senior Manager, Regulatory Affairs",Sale of shares,,,,2155,False,MTNN,2026-06-01T16:40:00Z,https://doclib.ngxgroup.com/Financial_NewsDocs/215_Notification_of_Share_Dealing_by_Insider-_Johnson_Oyewo_.pdf
Anthony Ojeile,Spouse to the Finance Director,Purchase of Shares,,,26th May 2026,1493,False,LEARNAFRCA,2026-06-01T14:45:05Z,https://doclib.ngxgroup.com/Financial_NewsDocs/98_Notification_of_Insider_Share_Dealing_-_Learn_Africa_Plc_(_Anthony_Ojeile).pdf
Mrs. Cordelia Isioma Ojeile,Finance Director,Purchase of Shares,,,26th May 2026,1482,False,LEARNAFRCA,2026-06-01T14:40:06Z,https://doclib.ngxgroup.com/Financial_NewsDocs/98_Notification_of_Insider_Share_Dealing_-_Learn_Africa_Plc_(C.I_Ojeile).pdf
,,,,,,0,True,ZENITHBANK,2026-06-01T11:35:04Z,https://doclib.ngxgroup.com/Financial_NewsDocs/198_ZBPLC_Directors_Share_Trading_Mr_Kennedy_Okwudili.pdf
Akinwumi Godson Fanimokun,Non-Executive Director,Share Sale,,,25/05/2026,1173,False,NAHCO,2026-06-01T10:45:03Z,https://doclib.ngxgroup.com/Financial_NewsDocs/114_NAHCO_PLC_-_Notification_of_Share_Dealing_by_Insider---AGF.pdf
Olusola Peter Obabori,Executive Director,Share Purchase,,,22 - 25/05/2026,1174,False,NAHCO,2026-06-01T10:40:03Z,https://doclib.ngxgroup.com/Financial_NewsDocs/114_NAHCO_PLC_-_Notification_of_Share_Dealing_by_Insider--OPO.pdf
,NON-EXECUTIVE DIRECTOR,BUY,"5,000",35.10,20TH MAY 2026,1369,False,ETERNA,2026-06-01T10:20:33Z,https://doclib.ngxgroup.com/Financial_NewsDocs/61_NOTIFICATION_OF_DIRECTOR_DEALING_EMMANUEL_OMUOJINE.01.06.2026_(TRANS_4).pdf
,NON-EXECUTIVE DIRECTOR,BUY,"4,299",34.70,19TH MAY 2026,1369,False,ETERNA,2026-06-01T10:20:02Z,https://doclib.ngxgroup.com/Financial_NewsDocs/61_NOTIFICATION_OF_DIRECTOR_DEALING_EMMANUEL_OMUOJINE.01.06.2026_(TRANS_3).pdf
,NON-EXECUTIVE DIRECTOR,BUY,"10,000",34.50,18TH MAY 2026,1371,False,ETERNA,2026-06-01T10:15:03Z,https://doclib.ngxgroup.com/Financial_NewsDocs/61_NOTIFICATION_OF_DIRECTOR_DEALING_EMMANUEL_OMUOJINE.01.06.2026_(TRANS_2).pdf
,NON-EXECUTIVE DIRECTOR,BUY,"10,000",35.10,18TH MAY 2026,1371,False,ETERNA,2026-06-01T10:05:05Z,https://doclib.ngxgroup.com/Financial_NewsDocs/61_NOTIFICATION_OF_DIRECTOR_DEALING_EMMANUEL_OMUOJINE.01.06.2026_(TRANS_1).pdf
DR. INIOLUWA OLANIYAN,Blood relative to the Group Managing Director,Purchase,"708,400",3.95,"May 19, 2026",1728,False,CHAMS,2026-05-30T16:20:02Z,https://doclib.ngxgroup.com/Financial_NewsDocs/38_INSIDER_DEALING-_DIO.pdf
BABATUNDE (BABS) JOLAYEMI OMOTOWA,"INDEPENDENT NON EXECUTIVE DIRECTOR, STANBIC IBTC HOLDINGS",Sale of Shares,,,29 May 2026,1911,False,STANBIC,2026-05-29T15:45:02Z,https://doclib.ngxgroup.com/Financial_NewsDocs/160_Notification_of_Insider_Dealing_29_May_2026_-_Babs_Omotowa.pdf
ADEOLU TOWOLAWI,An Employee of Nigerian Exchange Limited (a subsidiary of,Sale of Nigerian Exchange Group Shares,,,"22 May, 2026",1227,False,NGXGROUP,2026-05-25T14:20:00Z,https://doclib.ngxgroup.com/Financial_NewsDocs/236_Share_Dealing_Notification_-_Adeolu_Towolawi.pdf
Saheed Lasisi,Executive Director,Share Sale,,,22/05/2026,1153,False,NAHCO,2026-05-25T11:49:59Z,https://doclib.ngxgroup.com/Financial_NewsDocs/114_NAHCO_PLC_-_Notification_of_Share_Dealing_by_Insider--SL.pdf
Akinwumi Godson Fanimokun,Non-Executive Director,Share Sale,,,18 - 22/05/2026,1180,False,NAHCO,2026-05-25T11:40:33Z,https://doclib.ngxgroup.com/Financial_NewsDocs/114_NAHCO_PLC_-_Notification_of_Share_Dealing_by_Insider--AGF.pdf
AKINWUNMI AYODELE SAMUEL,"Chief Economist, Research",PURCHASE OF SHARES,"25,961",18.70,"May 21, 2026",1511,False,UCAP,2026-05-22T12:55:06Z,https://doclib.ngxgroup.com/Financial_NewsDocs/176_SIGN_-_NOTICE_OF_INSIDER_DEALING-PURCHASE-AKINWUNMI_AYODELE_SAMUEL-22.05.2026.pdf
,"Staff of Access Bank Plc, a subsidiary of Access",Sale,,,"May 19, 2026",1402,False,ACCESSCORP,2026-05-21T15:45:04Z,https://doclib.ngxgroup.com/Financial_NewsDocs/239_Notification_to_NGX-_Mr._Emeruwa_Owu.pdf
Olaniyan Oluwamayowa Christiana,Group Managing Director,Purchase,"2,464,000",4.00,"May 19, 2026",1275,False,CHAMS,2026-05-20T15:54:59Z,https://doclib.ngxgroup.com/Financial_NewsDocs/38_CORPORATE_DISCLOSURE_-_INSIDER_DEALING_GMD.pdf
Chief Emeke Iwerebon,Non-Executive Director/Chairman,Purchase of Shares,,,15th May 2026,1503,False,LEARNAFRCA,2026-05-20T10:10:03Z,https://doclib.ngxgroup.com/Financial_NewsDocs/98_Notification_of_Insider_Share_Dealing_-_Learn_Africa_Plc.pdf
ODOEMENE FAITH EUCHARIA,"Regional Office Administrator, Western Region",PURCHASE OF SHARES,691,18.55,"May 18, 2026",1420,False,UCAP,2026-05-19T12:15:05Z,https://doclib.ngxgroup.com/Financial_NewsDocs/176_SIGN_-_NOTICE_OF_INSIDER_DEALING-PURCHASE-ODOEMENE_FAITH_EUCHARIA-19.05.2026.pdf
,Non-Executive Director of Access Holdings Plc,Sale,,,"May 14, 2026",1345,False,ACCESSCORP,2026-05-18T16:15:02Z,https://doclib.ngxgroup.com/Financial_NewsDocs/239_Notification_to_NGX-_Mr._Segun_Ogbonnewo.pdf
,"Staff of Access Bank Plc, a subsidiary of Access",Sale,,,"May 14, 2026",1348,False,ACCESSCORP,2026-05-18T16:05:02Z,https://doclib.ngxgroup.com/Financial_NewsDocs/239_Notification_to_NGX-_Mr._Moses_Ejike.pdf
,NON-EXECUTIVE DIRECTOR,BUY,"10,000",35.00,15TH MAY 2026,1369,False,ETERNA,2026-05-18T15:25:33Z,https://doclib.ngxgroup.com/Financial_NewsDocs/61_NOTIFICATION_OF_DIRECTOR_DEALING_EMMANUEL_OMUOJINE.18.05.2026_(TRANS_4).pdf
,NON-EXECUTIVE DIRECTOR,BUY,"11,000",37.00,13TH MAY 2026,1369,False,ETERNA,2026-05-18T15:20:02Z,https://doclib.ngxgroup.com/Financial_NewsDocs/61_NOTIFICATION_OF_DIRECTOR_DEALING_EMMANUEL_OMUOJINE.18.05.2026_(TRANS_3).pdf
,NON-EXECUTIVE DIRECTOR,BUY,"10,000",37.50,12TH MAY 2026,1367,False,ETERNA,2026-05-18T15:15:34Z,https://doclib.ngxgroup.com/Financial_NewsDocs/61_NOTIFICATION_OF_DIRECTOR_DEALING_EMMANUEL_OMUOJINE.18.05.2026_(TRANS_2).pdf
,NON-EXECUTIVE DIRECTOR,BUY,"1,011",35.05,11TH MAY 2026,1454,False,ETERNA,2026-05-18T15:10:02Z,https://doclib.ngxgroup.com/Financial_NewsDocs/61_NOTIFICATION_OF_DIRECTOR_DEALING_EMMANUEL_OMUOJINE.18.05.2026_(TRANS_1).pdf
BABA HAFSAT SANI,"Regional Business Head, South South, Southern Region",SALE OF SHARES,13,18.75,"March 15, 2026",1412,False,UCAP,2026-05-18T12:40:01Z,https://doclib.ngxgroup.com/Financial_NewsDocs/176_SIGNED_-_NOTICE_OF_INSIDER_DEALING_-_SALE_-_BABA_HAFSAT_SANI_-_18.05.2026.pdf
Ms. Wuraola Durowoju,"Manager, Financial Planning",Purchase of shares,,,,2136,False,MTNN,2026-05-15T21:50:03Z,https://doclib.ngxgroup.com/Financial_NewsDocs/215_Notification_of_Share_Dealing_by_Insider-_Wuraola_Durowoju.pdf
Smartcity Resorts Plc,"Related Party to the Chairman, Board of Directors",Sale,"97,642,022",3.93,"May 14, 2026",1368,False,CHAMS,2026-05-15T12:35:04Z,https://doclib.ngxgroup.com/Financial_NewsDocs/38_INSIDER_DEALING-_SMARTCITY1-NGX_APPROVED.pdf
ABAFOR ARINZE PRAISE,"Team Member, Trade & Investment, Securities Operations",PURCHASE OF SHARES,"5,500",18.70,"May 14, 2026",1529,False,UCAP,2026-05-15T10:45:02Z,https://doclib.ngxgroup.com/Financial_NewsDocs/176_SIGN_-_NOTICE_OF_INSIDER_DEALING-PURCHASE-ABAFOR_ARINZE_PRAISE-15.05.2026.pdf
ABAFOR ARINZE PRAISE,"Team Member, Trade & Investment, Securities Operations",PURCHASE OF SHARES,"4,000",18.85,"May 13, 2026",1464,False,UCAP,2026-05-14T13:55:01Z,https://doclib.ngxgroup.com/Financial_NewsDocs/176_SIGN_-_NOTICE_OF_INSIDER_DEALING-PURCHASE-ABAFOR_ARINZE_PRAISE-14.05.2026.pdf
MICHAEL ONWUZURUIKE,An Employee of Nigerian Exchange Limited (a subsidiary of,Sale of Nigerian Exchange Group Shares,,,"14 April, 2026",1187,False,NGXGROUP,2026-05-13T17:55:02Z,https://doclib.ngxgroup.com/Financial_NewsDocs/236_Share_Dealing_Notification_-_Michael_Onwuzuruike.pdf
OBIOMA OGE,An Employee of NGX Regulation Limited (a subsidiary of,Sale of Nigerian Exchange Group Shares,,,"11 May, 2026",1177,False,NGXGROUP,2026-05-13T17:50:03Z,https://doclib.ngxgroup.com/Financial_NewsDocs/236_Share_Dealing_Notification_-_Obioma_Oge.pdf
Calvados Global Services Limited,Company related to a Significant Shareholder – Mr. Olufemi,Purchase of Shares,,,"May 13, 2026",1606,False,FIRSTHOLDCO,2026-05-13T16:20:03Z,https://doclib.ngxgroup.com/Financial_NewsDocs/65_Notification_of_Insider_Dealing_-_Calvados-_May_13_2026.pdf
,"Staff of Access Bank, a subsidiary of Access Holdings",Purchase,,,"May 11, 2026",1229,False,ACCESSCORP,2026-05-13T14:05:02Z,https://doclib.ngxgroup.com/Financial_NewsDocs/239_Notification_to_NGX-_Mr._Gbenga_Babatunde.pdf
,"Staff of Access Bank, a subsidiary of Access Holdings",Purchase,,,"May 11, 2026",1229,False,ACCESSCORP,2026-05-13T14:00:04Z,https://doclib.ngxgroup.com/Financial_NewsDocs/239_Notification_to_NGX-_Mr._Richard_Amafonye.pdf
,"Director of Access Bank Plc, a subsidiary of Access",Purchase,,,"May 11, 2026",1308,False,ACCESSCORP,2026-05-13T13:30:03Z,https://doclib.ngxgroup.com/Financial_NewsDocs/239_Notification_to_NGX-_Dr._Okey_Nwuke.pdf
TINUOLU-GABRIEL OLUREMI,"Director of Retail & Digital Businesses, Enterprise Retail.",PURCHASE OF SHARES,"3,900",18.40,"May 12, 2026",1438,False,UCAP,2026-05-13T10:20:01Z,https://doclib.ngxgroup.com/Financial_NewsDocs/176_SIGN_-_NOTICE_OF_INSIDER_DEALING-PURCHASE-TINUOLU-GABRIEL_OLUREMI-13.05.2026.pdf
,Related Party to the Group Company,,,,"May 12, 2026",1995,False,UBA,2026-05-13T10:15:06Z,https://doclib.ngxgroup.com/Financial_NewsDocs/175_Notification_of_Share_Dealing_by_Insider_-_Workfield_Foundation.pdf
,"Non-Executive Director, First Bank of Nigeria Limited",Purchase of Shares,,,"May 11, 2026",1560,False,FIRSTHOLDCO,2026-05-11T19:25:02Z,https://doclib.ngxgroup.com/Financial_NewsDocs/65_First_HoldCo_Plc_-_Notification_of_Insider_Dealing_-_May_11_2026.pdf
,NON-EXECUTIVE DIRECTOR,BUY,"10,000",34.00,8TH MAY 2026,1391,False,ETERNA,2026-05-11T14:05:01Z,https://doclib.ngxgroup.com/Financial_NewsDocs/61_NOTIFICATION_OF_DIRECTOR_DEALING_EMMANUEL_OMUOJINE.11.05.2026_(TRANS_2).pdf
,NON-EXECUTIVE DIRECTOR,BUY,"10,000",35.50,7TH MAY 2026,1368,False,ETERNA,2026-05-11T13:50:01Z,https://doclib.ngxgroup.com/Financial_NewsDocs/61_NOTIFICATION_OF_DIRECTOR_DEALING_EMMANUEL_OMUOJINE.11.05.2026_(TRANS_1)_.pdf
,"Staff of Access Bank Plc, a subsidiary of Access Holdings Plc",Sales,,,"May 5, 2026",1361,False,ACCESSCORP,2026-05-08T19:05:10Z,https://doclib.ngxgroup.com/Financial_NewsDocs/ACCESS_HOLDINGS_PLC_-_TRANSACTION_BY_INYANG_ETIM.pdf
,"Staff of Access Bank Plc, a subsidiary of Access Holdings Plc",Sales,,,"May 5, 2026",1181,False,ACCESSCORP,2026-05-08T19:02:36Z,https://doclib.ngxgroup.com/Financial_NewsDocs/ACCESS_HOLDINGS_PLC_-_TRANSACTION_BY_BOLARINWA_ANIMASHAUN.pdf
,Chairman of the Statutory Audit Committee,Sales,,,"May 4, 2026",1219,False,ACCESSCORP,2026-05-08T19:00:14Z,https://doclib.ngxgroup.com/Financial_NewsDocs/ACCESS_HOLDINGS_PLC_-_TRANSACTION_BY_Henry_Aragho.pdf
,Related Party to the Group Company Secretary,Purchase of Shares,,,"May 5, 2026",1515,False,UBA,2026-05-08T10:17:14Z,https://doclib.ngxgroup.com/Financial_NewsDocs/UNITED_BANK_FOR_AFRICA_-_NOTIFICATION_OF_SHARE_DEALING_BY_WORKFIELD_FOUNDATION.pdf
OLAYIWOLA OLUFEMI,"Chief Risk, Control and Compliance Officer",PURCHASE OF SHARES,"170,000",18.75,"May 7, 2026",1416,False,UCAP,2026-05-08T09:00:03Z,https://doclib.ngxgroup.com/Financial_NewsDocs/176_SIGN_-_NOTICE_OF_INSIDER_DEALING-PURCHASE-OLAYIWOLA_OLUFEMI-08.05.2026.pdf
ARTROL INVESTMENT COMPANY LIMITED,"A company related to the Group Chief Executive Officer, Mr.",PURCHASE OF SHARES,"90,000",17.95,"May 4, 2026",1537,False,UCAP,2026-05-05T09:25:04Z,https://doclib.ngxgroup.com/Financial_NewsDocs/176_SIGN_-NOTICE_OF_INSIDER_DEALING-PURCHASE-ARTROL_INVESTMENT_COY_LTD-05.05.2026.pdf
AKINWUNMI AYODELE SAMUEL,"EMPLOYEE- Chief Economist, Research",PURCHASE OF SHARES,"14,850",18.05,"May 4, 2026",1413,False,UCAP,2026-05-05T08:50:02Z,https://doclib.ngxgroup.com/Financial_NewsDocs/176_SIGN_-_NOTICE_OF_INSIDER_DEALING-PURCHASE-AKINWUNMI_AYODELE_SAMUEL-05.05.2026.pdf
ARTROL INVESTMENT COMPANY LIMITED,"A company related to the Group Chief Executive Officer, Mr.",PURCHASE OF SHARES,"69,679",17.70,"April 30, 2026",1614,False,UCAP,2026-05-04T13:45:01Z,https://doclib.ngxgroup.com/Financial_NewsDocs/176_SIGN_-_NOTICE_OF_INSIDER_DEALING-PURCHASE-ARTROL_INVESTMENT_COY_LTD-04.05.2026.pdf
AKINWUNMI AYODELE SAMUEL,"Chief Economist, Research",PURCHASE OF SHARES,"25,000",17.95,"April 30, 2026",1406,False,UCAP,2026-05-04T13:35:02Z,https://doclib.ngxgroup.com/Financial_NewsDocs/176_SIGN_-_NOTICE_OF_INSIDER_DEALING-PURCHASE-AKINWUNMI_AYODELE_SAMUEL-04.05.2026.pdf
,,,,,,0,True,GTCO,2026-04-30T16:15:02Z,https://doclib.ngxgroup.com/Financial_NewsDocs/234_Notification_of_Share_Dealing_by_Insider.pdf
ARTROL INVESTMENT COMPANY LIMITED,A company related to a director of United Capital Plc,PURCHASE OF SHARES,"714,723",17.65,"April 29, 2026",1526,False,UCAP,2026-04-30T10:30:02Z,https://doclib.ngxgroup.com/Financial_NewsDocs/176_SIGN_-_NOTICE_OF_INSIDER_DEALING-PURCHASE-ARTROL_INVESTMENT_COY_LTD-30.04.2026.pdf
,"COMPANY RELATED TO A NON-EXECUTIVE DIRECTOR, VISWANATHAN",,,,10 March 2026 to 18 March 2026,1090,False,DANGCEM,2026-04-08T13:00:03Z,https://doclib.ngxgroup.com/Financial_NewsDocs/50_Notification_of_Insider_Dealing_-_GW_GREY_PTE_LTD_(8-04-26)_-_Signed.pdf
REWARD INVESTMENTS & SERVICES LTD,A company related to a Non-Executive Director of Nigerian,Purchase of Nigerian Exchange Group Shares,,,"30 March, 2026",1249,False,NGXGROUP,2026-04-02T09:20:02Z,https://doclib.ngxgroup.com/Financial_NewsDocs/236_Reward_Investments_Services_Ltd_---_Share_Dealing_Notification.pdf
,,,,,,3485,False,SEPLAT,2026-04-01T11:25:02Z,https://doclib.ngxgroup.com/Financial_NewsDocs/46536_SEPLAT_ENERGY_PLC-NOTIFICATION_ON_SHARE_DEALING_CORPORATE_ACTIONS_APRIL_2026.pdf
TRW STOCKBROKERS LTD,A company related to a Non-Executive Director of Nigerian,Purchase of Nigerian Exchange Group Shares,,,13th March 2026 – 31st March 2026,1709,False,NGXGROUP,2026-03-31T19:10:01Z,https://doclib.ngxgroup.com/Financial_NewsDocs/236_TRW_Stockbrokers_Ltd_-_Share_Dealing_Notification.pdf
AKINTOLA AKINSOJI TAJUDEEN,"Client Advisor, Western Region",PURCHASE OF SHARES,"10,000",17.80,"March 31, 2026",1419,False,UCAP,2026-03-31T17:10:01Z,https://doclib.ngxgroup.com/Financial_NewsDocs/176_SIGN_-_NOTICE_OF_INSIDER_DEALING_-_PURCHASE_-_AKINTOLA_AKINSOJI_TAJUDEEN_-_31.03.2026.pdf
IWENEKHAI GODSTIME,An Employee of NGX Regulation Limited (a subsidiary of,Sale of Nigerian Exchange Group Shares,,,"31 March, 2026",1192,False,NGXGROUP,2026-03-31T17:01:37Z,https://doclib.ngxgroup.com/Financial_NewsDocs/236_Share_Dealing_Notification_-_Godstime_Iwenekhai.pdf
OLUWAFUNBI AKPATA,An Employee of NGX Regulation Limited (a subsidiary of,Sale of Nigerian Exchange Group Shares,,,"30 March, 2026",1189,False,NGXGROUP,2026-03-31T16:58:22Z,https://doclib.ngxgroup.com/Financial_NewsDocs/236_Share_Dealing_Notification_-_Oluwanfunbi_Akpata.pdf
OLAYIWOLA OLUFEMI,"Chief Risk, Control and Compliance Officer, Enterprise Risk",PURCHASE OF SHARES,"10,000",18.25,"March 31, 2026",1453,False,UCAP,2026-03-31T16:40:01Z,https://doclib.ngxgroup.com/Financial_NewsDocs/176_SIGN_-_NOTICE_OF_INSIDER_DEALING_-_PURCHASE_-_OLAYIWOLA_OLUFEMI_-_31.03.2026.pdf
ABAFOR ARINZE PRAISE,"Team Member, Trade & Investment (Securities) Operations",PURCHASE OF SHARES,"1,000",18.45,"March 30, 2026",1430,False,UCAP,2026-03-31T04:20:08Z,https://doclib.ngxgroup.com/Financial_NewsDocs/176_SIGN_-_NOTICE_OF_INSIDER_DEALING_-_PURCHASE_-_ABAFOR_ARINZE_PRAISE_-_30.03.2026.pdf
MR. ADEMOLA BABARINDE,A Non-Executive Director of Nigerian Exchange Group Plc,Purchase of Nigerian Exchange Group Shares,,,"27 March, 2026",1194,False,NGXGROUP,2026-03-30T19:30:02Z,https://doclib.ngxgroup.com/Financial_NewsDocs/236_Ademola_Babarinde_--_Share_Dealing_Notification.pdf
Ms. Eruke Ben-Iwhiwhu,"Manager, Financial Planning Value Base Capital Management",Purchase of shares,,,,2188,False,MTNN,2026-03-26T17:00:03Z,https://doclib.ngxgroup.com/Financial_NewsDocs/215_MTN_Nigeria_Communications_Plc_Share_Dealing_-_Eruke_Ben-Iwhiwhu.pdf
OYEBODE LANRE ANJOLA,"Relative of Oluwatunmise Oyebode, Team Member, Payment",SALE OF SHARES,"3,984",18.60,"March 25, 2026",1446,False,UCAP,2026-03-25T16:55:04Z,https://doclib.ngxgroup.com/Financial_NewsDocs/176_SIGNED_-_NOTICE_OF_INSIDER_DEALING_-_SALES_-_OYEBODE_LANRE_ANJOLA_-_25.03.2026.pdf
OLOMU MODUPE,"Head of HR, Ucee Mfb.",SALE OF SHARES,"12,370",18.65,"March 24, 2026",1422,False,UCAP,2026-03-24T17:15:04Z,https://doclib.ngxgroup.com/Financial_NewsDocs/176_SIGNED_-_NOTICE_OF_INSIDER_DEALING_-_SALE_-_OLOMU_MODUPE_-_24.03.2026.pdf
PEGGY HALLIDAY,An Employee of NGX Regulation Limited (a subsidiary of,Sale of Nigerian Exchange Group Shares,,,"16 March, 2026",1187,False,NGXGROUP,2026-03-24T15:15:03Z,https://doclib.ngxgroup.com/Financial_NewsDocs/236_Share_Dealing_Notification_-_Peggy_Halliday.pdf
RASAQ AKEEM OLALEKAN,"Head, Financial Risk Management, Enterprise Risk",PURCHASE OF SHARES,"1,256",18.30,"March 17, 2026",1435,False,UCAP,2026-03-18T15:30:03Z,https://doclib.ngxgroup.com/Financial_NewsDocs/176_SIGN_-_NOTICE_OF_INSIDER_DEALING_-_PURCHASE_-_RASAQ_AKEEM_OLALEKAN_-_17.03.2026.pdf
Hauwa Satomi,Company Secretary/Chief Legal Officer,Purchase of Shares,,,13,1183,False,BUACEMENT,2026-03-16T17:45:01Z,https://doclib.ngxgroup.com/Financial_NewsDocs/217_EXCUTED_Announcemen_Announcement_of_Insider_Dealings_-_CS.pdf
Chikezie Ajaero,Chief Financial Officer/ Executive Director,Purchase of Shares,,,13,1193,False,BUACEMENT,2026-03-16T17:40:03Z,https://doclib.ngxgroup.com/Financial_NewsDocs/217_EXECUTED_UPDATED_NEW_Announcemen_Announcement_of_Insider_Dealings_-_CFO.pdf
AKINWUNMI AYODELE SAMUEL,"Chief Economist, Research",PURCHASE OF SHARES,"60,150",18.20,"March 13, 2026",1406,False,UCAP,2026-03-14T23:00:04Z,https://doclib.ngxgroup.com/Financial_NewsDocs/176_SIGNED_-_NOTICE_OF_INSIDER_DEALING_-_PURCHASE_-_AKINWUNMI_AYODELE_SAMUEL_-_13.03.2026.pdf
TINUOLU-GABRIEL OLUREMI,"Director, Retail & Digital Businesses, Enterprise Retail",PURCHASE OF SHARES,"50,000",18.20,"March 12, 2026",1438,False,UCAP,2026-03-13T01:00:08Z,https://doclib.ngxgroup.com/Financial_NewsDocs/176_NOTICE_OF_INSIDER_DEALING-_PURCHASE_-_TINUOLU-GABRIEL_OLUREMI-_12.03.2026.pdf
MR. ADEMOLA BABARINDE,A Non-Executive Director of Nigerian Exchange Group Plc,Purchase of Nigerian Exchange Group Shares,,,"11 March, 2026",1193,False,NGXGROUP,2026-03-12T19:50:33Z,https://doclib.ngxgroup.com/Financial_NewsDocs/236_Ademola_Babarinde_-_Share_Dealing_Notification.pdf
MR. SEHINDE ADENAGBE,A Non-Executive Director of Nigerian Exchange Group Plc,Purchase of Nigerian Exchange Group Shares,,,"11 March, 2026",1250,False,NGXGROUP,2026-03-12T19:50:02Z,https://doclib.ngxgroup.com/Financial_NewsDocs/236_Sehinde_Adenagbe_-_Share_Dealing_Notification.pdf
STANDARD UNION SECURITIES LTD,A company related to a Non-Executive Director of Nigerian,Purchase of Nigerian Exchange Group Shares,,,"11 March, 2026",1311,False,NGXGROUP,2026-03-12T19:40:03Z,https://doclib.ngxgroup.com/Financial_NewsDocs/236_Standard_Union_Securities_Ltd_-_Share_Dealing_Notification.pdf
BABA HAFSAT SANI,"Regional Business Head, South South, Southern Region",PURCHASE OF SHARES,11,18.65,"March 9, 2026",1415,False,UCAP,2026-03-09T20:00:03Z,https://doclib.ngxgroup.com/Financial_NewsDocs/176_NOTICE_OF_INSIDER_DEALING-_PURCHASE_-_BABA_HAFSAT_SANI-_09.03.2026.pdf
NNOROM HARISON,"Relative of Uchechukwu Nnorom, Business Operations",SALE OF SHARES,"318,881",18.15,"March 6, 2026",1542,False,UCAP,2026-03-07T21:55:08Z,https://doclib.ngxgroup.com/Financial_NewsDocs/176_SIGNED_-_NOTICE_OF_INSIDER_DEALING_-_SALE_-_NNOROM_HARISON_-_06.03.2026.pdf
FOLAHAN EZEKIEL ADEKUNLE,"Head, Trust Finance",PURCHASE OF SHARES,"61,000",18.30,"March 5, 2026",1398,False,UCAP,2026-03-05T17:40:02Z,https://doclib.ngxgroup.com/Financial_NewsDocs/176_NOTICE_OF_INSIDER_DEALING-_PURCHASE_-FOLAHAN_EZEKIEL_ADEKUNLE_-_05.03.2026.pdf
ADEKUNLE EBENEZER ADEWUNMI,"Team Lead, Internal Control",PURCHASE OF SHARES,370,18.50,"March 4, 2026",1402,False,UCAP,2026-03-05T17:35:35Z,https://doclib.ngxgroup.com/Financial_NewsDocs/176_NOTICE_OF_INSIDER_DEALING-_PURCHASE_-_ADEKUNLE_EBENEZER_ADEWUNMI_-_04.03.2026.pdf
FOLAHAN EZEKIEL ADEKUNLE,"Head, Trust Finance",PURCHASE OF SHARES,"40,000",18.50,"March 4, 2026",1400,False,UCAP,2026-03-05T17:35:04Z,https://doclib.ngxgroup.com/Financial_NewsDocs/176_NOTICE_OF_INSIDER_DEALING_-_PURCHASE_-_FOLAHAN_EZEKIEL_ADEKUNLE_-_04.03.2026.pdf
VALENTINE SALAMI,An Employee of Nigerian Exchange Limited,Purchase of Nigerian Exchange Group Shares,,,"2 March, 2026",1163,False,NGXGROUP,2026-03-03T16:57:04Z,https://doclib.ngxgroup.com/Financial_NewsDocs/NGX_GROUP_PLC_-_SHARE_DEALING_NOTIFICATION.pdf
MR. SEHINDE ADENAGBE,A Non-Executive Director of Nigerian Exchange Group Plc,Purchase of Nigerian Exchange Group Shares,,,"2 March, 2026",1176,False,NGXGROUP,2026-03-03T14:05:02Z,https://doclib.ngxgroup.com/Financial_NewsDocs/236_Mr._Sehinde_Adenagbe_-_Share_Dealing_Notification_.pdf
,,,,,,0,True,NPFMCRFBK,2026-02-13T16:30:02Z,https://doclib.ngxgroup.com/Financial_NewsDocs/129_SHARE_DEALING_NOTIFICATION.pdf
,"Company related to a Non-Executive Director, Mr. Ovirih Israel",Sale of shares of Tantalizers Plc,,,19-01-2026,1206,False,TANTALIZER,2026-01-29T16:10:02Z,https://doclib.ngxgroup.com/Financial_NewsDocs/166_NOTIFICATION_OF_SHARE_DEALING_BY_INSIDERS_BANK_LINK_AFRICA.pdf
,Group Deputy Managing Director,Sale of shares of Tantalizers Plc,,,20-01-2026,1124,False,TANTALIZER,2026-01-29T15:30:03Z,https://doclib.ngxgroup.com/Financial_NewsDocs/166_NOTIFICATION_OF_SHARE_DEALING_BY_INSIDERS_charles_ifidon.pdf
,"Chairman, Statutory Audit Committee",Sale of Shares,,,"January 22, 2026",1270,False,CUTIX,2026-01-23T17:45:03Z,https://doclib.ngxgroup.com/Financial_NewsDocs/48_Cutix_Plc_-_Notice_of_Share_Dealing_By_an_Insider.pdf
DR. AKINADE AKANMU OGUNBIYI,Non-Executive Director/Chairman,Sale of Shares,,,9/01/2026 – 12/01/2026,2288,False,MBENEFIT,2026-01-15T08:10:07Z,https://doclib.ngxgroup.com/Financial_NewsDocs/105_15-01-2026_Insider_Trading_Disclosure.pdf
Olugbenga Ojeranti,"Senior Manager, Financial Operations",Purchase of Shares,,,,2216,False,MTNN,2026-01-08T18:35:04Z,https://doclib.ngxgroup.com/Financial_NewsDocs/215_Notification_of_Share_Dealing_-_Olugbenga_Ojeranti.pdf
AKINTOLA AKINSOJI TAJUDEEN,"Client Advisor, Western Region",PURCHASE OF SHARES,"18,000",18.40,"December 31, 2025",1429,False,UCAP,2025-12-31T22:20:03Z,https://doclib.ngxgroup.com/Financial_NewsDocs/176_NOTICE_OF_INSIDER_DEALING-_PURCHASE_-_AKINTOLA_AKINSOJI_TAJUDEEN-_31.12.2025.pdf
,Employee of Aradel Holdings PLC (Media & Public,Purchase of Aradel shares,,,"December 30th, 2025",1457,False,ARADEL,2025-12-31T16:10:33Z,https://doclib.ngxgroup.com/Financial_NewsDocs/252_Notification_of_Share_Purchase__-_Victoria_Humprey_-_31.12.2025.pdf
,Employee of Aradel Holdings PLC (HSE,Purchase of Aradel shares,,,"December 31st, 2025",1443,False,ARADEL,2025-12-31T16:10:01Z,https://doclib.ngxgroup.com/Financial_NewsDocs/252_Notification_of_Share_Purchase__-_Lateef_Raifu_-_31.12.2025.pdf
,Employee of Aradel Holdings PLC,Purchase of Aradel shares,,,"December 19th to 31st, 2025",1488,False,ARADEL,2025-12-31T16:00:04Z,https://doclib.ngxgroup.com/Financial_NewsDocs/252_Notification_of_Share_Purchase__-_Damilola_Yahaya_-_31.12.2025.pdf
,,,,,,2781,False,SEPLAT,2025-12-31T15:00:05Z,https://doclib.ngxgroup.com/Financial_NewsDocs/45662_SEPLAT_ENERGY_PLC-CORPORATE_ANNOUNCEMENT_ON_MAUREL_ET_PROM_SHARE_SALE__CORPORATE_ACTIONS_DECEMBER_2025.pdf
,Managing Director,Purchase,,,,1209,False,CUSTODIAN,2025-12-31T12:51:25Z,https://doclib.ngxgroup.com/Financial_NewsDocs/47_Notification_of__Indirect_Share_Dealing_-_Mr._Wole_Oshin.pdf
,Chief Strategy and Operations Officer,,,,29 December 2025,2270,False,UACN,2025-12-30T19:10:03Z,https://doclib.ngxgroup.com/Financial_NewsDocs/173_Share_Dealing_-_Nneka_Chime_v6.pdf
Dr. Anthony Idigbe SAN,Independent Non-Executive Director,,,,,1351,False,PZ,2025-12-30T17:30:03Z,https://doclib.ngxgroup.com/Financial_NewsDocs/144_PZCN_-_Notification_to_NGX_on_Directors_Dealing_in_Shares.pdf
Adekunle Adegboyega,"General Manager, Business Development",Purchase of Shares,,,,2169,False,MTNN,2025-12-30T16:55:03Z,https://doclib.ngxgroup.com/Financial_NewsDocs/215_Notification_of_Share_Dealing_-_Kunle_Adegboyega.pdf
Mrs. Njideka Jack,"General Manager, Enterprise Marketing",Sale of shares,,,,2196,False,MTNN,2025-12-30T16:50:02Z,https://doclib.ngxgroup.com/Financial_NewsDocs/215_MTN_Nigeria_Communications_Plc_Share_Dealing_-_Njideka_Jack_Dec._2025-_sale.pdf
Mr. Adeola Willoughby,Connected person,Sale of shares,,,,2215,False,MTNN,2025-12-30T16:40:02Z,https://doclib.ngxgroup.com/Financial_NewsDocs/215_MTN_Nigeria_Communications_Plc_Share_Dealing_-_Adeola_Willoughby_Dec._2025-_sale.pdf
Andrew Alli,Non-Executive Director,Sale of Shares,,,,2167,False,MTNN,2025-12-30T16:35:02Z,https://doclib.ngxgroup.com/Financial_NewsDocs/215_MTN_Nigeria_Communications_Plc_Share_Dealing_-_Andrew_Alli_Amended_December_2025.pdf
,,,,,,0,True,ZENITHBANK,2025-12-30T14:50:03Z,https://doclib.ngxgroup.com/Financial_NewsDocs/198_ZBPLC_Notification_of_Share_Dealings_ZSPF_December_30_2025.pdf
Mr. Tony Anonyai,Non-Executive Director,Purchase,,,"02/12/2025, 02/12/2025 and 03/12/2025",1455,False,CONHALLPLC,2025-12-29T16:00:03Z,https://doclib.ngxgroup.com/Financial_NewsDocs/249_INSIDER_DEALING_-_DR_ANONYAI_-_DEC_2025_(003).pdf
Sephine Edefe Nig Ltd,Substantial Shareholder,Purchase,,,"09/12/2025, 10/12/2025, 12/12/2025 and 19/12/2025",1529,False,CONHALLPLC,2025-12-29T15:05:03Z,https://doclib.ngxgroup.com/Financial_NewsDocs/249_INSIDER_DEALING_-_SEPHINE_EDEFE_29_DEC_2025_(003).pdf
,"Non-Executive Director, Access Bank Plc",Purchase,"2,000,000",20.85,"19th December, 2025",1103,False,ACCESSCORP,2025-12-29T12:20:03Z,https://doclib.ngxgroup.com/Financial_NewsDocs/239_Dr._Nwuke's_notification_to_NGX_(1).pdf
,,,,,,0,True,ZENITHBANK,2025-12-23T00:05:03Z,https://doclib.ngxgroup.com/Financial_NewsDocs/198_ZBPLC_Notification_of_Share_Dealings_Adobi_Nwapa_Dec_22_2025.pdf
,"Deputy Managing Director, First Bank of Nigeria Limited",Purchase of Shares,,,"December 19, 2025",1573,False,FIRSTHOLDCO,2025-12-22T18:15:04Z,https://doclib.ngxgroup.com/Financial_NewsDocs/65_FirstHoldCo_-_Notification_of_Insider_Dealing_.pdf
Mr. Kolapo Olaleye,"General Manager, Financial Planning",Purchase of shares,,,,2196,False,MTNN,2025-12-22T09:50:02Z,https://doclib.ngxgroup.com/Financial_NewsDocs/215_MTN_Nigeria_Communications_Plc_Share_Dealing_-_Kolapo_Olaleye_Dec._2025-_purchase.pdf
Mr. Kolapo Olaleye,"General Manager, Financial Planning",Sale of shares,,,,2380,False,MTNN,2025-12-22T09:45:08Z,https://doclib.ngxgroup.com/Financial_NewsDocs/215_MTN_Nigeria_Communications_Plc_Share_Dealing_-_Kolapo_Olaleye_Dec._2025-_sale.pdf
,,,,,,0,True,ZENITHBANK,2025-12-19T18:35:02Z,https://doclib.ngxgroup.com/Financial_NewsDocs/198_ZBPLC_Notification_of_Share_Dealing_Lawani_Adamu_Dec_18_2025.pdf
,,,,,,0,True,ZENITHBANK,2025-12-19T18:25:03Z,https://doclib.ngxgroup.com/Financial_NewsDocs/198_ZBPLC_Notification_of_Share_Dealing_Ogunranti_Akindele_Dec_18_2025.pdf
,,,,,,0,True,ZENITHBANK,2025-12-19T18:15:02Z,https://doclib.ngxgroup.com/Financial_NewsDocs/198_ZBPLC_Notification_of_Share_Dealing_Odom_Louis_Dec_18_2025.pdf
,,,,,,0,True,ZENITHBANK,2025-12-19T18:10:03Z,https://doclib.ngxgroup.com/Financial_NewsDocs/198_ZBPLC_Notification_of_Share_Dealing_GMD_CEO_Dec_18_2025.pdf
,,,,,,0,True,ZENITHBANK,2025-12-19T18:05:05Z,https://doclib.ngxgroup.com/Financial_NewsDocs/198_ZBPLC_Notification_of_Share_Dealing_ZSPF_Dec_18_2025.pdf
,"Non-Executive Director, First Bank of Nigeria Limited",Purchase of Shares,,,"December 19, 2025",1570,False,FIRSTHOLDCO,2025-12-19T17:05:04Z,https://doclib.ngxgroup.com/Financial_NewsDocs/65_Notification_of_Insider_Dealing_-_Anil_Dua.pdf
,Company Related to a Significant Shareholder – Mr. Olufemi,Purchase of Shares,,,"December 19, 2025",1615,False,FIRSTHOLDCO,2025-12-19T15:20:03Z,https://doclib.ngxgroup.com/Financial_NewsDocs/65_First_HoldCo_-_Notification_of_Insider_Dealing_-_Calvados.pdf
CHARKS INVESTMENT LIMITED,Related Party (The Seller has common,Sale of Shares,,,4/12/2025,2389,False,MBENEFIT,2025-12-19T10:45:01Z,https://doclib.ngxgroup.com/Financial_NewsDocs/105_Insider_Dealing.pdf
,Company Related to a Significant Shareholder – Mr. Olufemi,Purchase of Shares,,,"December 18, 2025",1619,False,FIRSTHOLDCO,2025-12-18T15:30:03Z,https://doclib.ngxgroup.com/Financial_NewsDocs/65_First_HoldCo_Plc_-_Notification_of_Insider_Dealing_-_Calvados.pdf
,Employee of Aradel Holdings PLC (C&P,Purchase of Aradel shares,,,"December 12th, 2025",1446,False,ARADEL,2025-12-18T09:35:02Z,https://doclib.ngxgroup.com/Financial_NewsDocs/252_Notification_of_Share_Purchase__-_Chukwuma_Nkwodinmah_-_15.12.2025.pdf
Bowarol Investment Limited,Company Related to the Group Managing Director – Mr.,Purchase of Shares,"1,000,000",33.96,"December 16, 2025",1583,False,FIRSTHOLDCO,2025-12-18T09:30:02Z,https://doclib.ngxgroup.com/Financial_NewsDocs/65_First_HoldCo_Plc_-_Notification_of_Insider_Dealing_-_Bowarol.pdf
Ini Ebong,"Deputy Managing Director, First Bank of Nigeria Limited",Sale of Shares,"11,783,333",31.14,"December 12, 2025",1546,False,FIRSTHOLDCO,2025-12-18T09:10:01Z,https://doclib.ngxgroup.com/Financial_NewsDocs/65_Notification_of_Insider_Dealing_-_Ini_Ebong.pdf
IFEDIGBO MARY CHIMEZIE,Employee – MVP Southern Region,PURCHASE OF SHARES,57,17.05,"December 17, 2025",1417,False,UCAP,2025-12-17T17:05:03Z,https://doclib.ngxgroup.com/Financial_NewsDocs/176_NOTICE_OF_INSIDER_DEALING-_PURCHASE_-_IFEDIGBO_MARY_CHIMEZIE_-_17.12.2025(2).pdf
IFEDIGBO MARY CHIMEZIE,Employee – MVP Southern Region,PURCHASE OF SHARES,517,17.10,"December 16, 2025",1419,False,UCAP,2025-12-17T13:25:02Z,https://doclib.ngxgroup.com/Financial_NewsDocs/176_NOTICE_OF_INSIDER_DEALING-_PURCHASE_-_IFEDIGBO_MARY_CHIMEZIE_-_17.12.2025.pdf
AGWUMAFA OLUCHI,Employee – MVP Southern Region,PURCHASE OF SHARES,4,17.10,"December 16, 2025",1408,False,UCAP,2025-12-17T13:20:04Z,https://doclib.ngxgroup.com/Financial_NewsDocs/176_NOTICE_OF_INSIDER_DEALING-_PURCHASE_-_AGWUMAFA_OLUCHI_-_17.12.2025.pdf
,Chief Strategy and Operations Officer,,,,,2461,False,UACN,2025-12-15T17:55:04Z,https://doclib.ngxgroup.com/Financial_NewsDocs/173_Share_Dealing_-_Nneka_Chime_v5.pdf
,,,,,,0,True,ZENITHBANK,2025-12-15T16:26:02Z,https://doclib.ngxgroup.com/Financial_NewsDocs/198_ZBPLC_Notification_of_Share_Dealing_by_Insider_ZSPF_Dec_15.pdf
,,,,,,0,True,ZENITHBANK,2025-12-15T15:55:02Z,https://doclib.ngxgroup.com/Financial_NewsDocs/198_ZBPLC_Notification_of_Share_Dealing_by_Insider_ZSPF_Dec_12.pdf
,Chief Strategy and Operations Officer,,,,,2461,False,UACN,2025-12-15T14:20:05Z,https://doclib.ngxgroup.com/Financial_NewsDocs/173_Share_Dealing_-_Nneka_Chime_v4.pdf
,NON-EXECUTIVE DIRECTOR,BUY,"15,000",31.95,8TH DECEMBER 2025,1396,False,ETERNA,2025-12-11T09:30:07Z,https://doclib.ngxgroup.com/Financial_NewsDocs/61_NOTIFICATION_OF_DIRECTOR_DEALING_EMMANUEL_OMUOJINE_8.12.2025.pdf
TINUOLU-GABRIEL OLUREMI,Employee - Director of Retail.,SALE OF SHARES,903,17.15,"December 9, 2025",1407,False,UCAP,2025-12-10T15:55:02Z,https://doclib.ngxgroup.com/Financial_NewsDocs/176_NOTICE_OF_INSIDER_DEALING-_SALE-_TINUOLU-GABRIEL_OLUREMI_-09.12.2025.pdf
,Employee of Aradel Holdings PLC (Nigerian,Purchase of Aradel shares,,,"December 3rd, 2025",1452,False,ARADEL,2025-12-10T14:30:04Z,https://doclib.ngxgroup.com/Financial_NewsDocs/252_Notification_of_Dealing__-_Tega_Ejedegba_-_10.12.2025.pdf
,"GM, Nile Delta/ Employee of Aradel Holdings PLC",Purchase of Aradel shares,,,"December 3rd, 2025.",1450,False,ARADEL,2025-12-10T09:10:34Z,https://doclib.ngxgroup.com/Financial_NewsDocs/252_Notification_of_Share_Purchase_-_Babatunde_Odeyemi_-_9.12.2025.pdf
,Employee,Purchase of Aradel shares,,,"December 2nd, 2025.",1475,False,ARADEL,2025-12-10T09:00:04Z,https://doclib.ngxgroup.com/Financial_NewsDocs/252_Notification_of_Share_Purchase_-_Aderonke_Victoria_Owoeye_-_9.12.2025.pdf
,Substantial Shareholder,Purchase,,,06/11/2025 and 07/11/2025,1446,False,CONHALLPLC,2025-12-09T16:35:03Z,https://doclib.ngxgroup.com/Financial_NewsDocs/249_INSIDER_DEALING_NOTIFICATION__-_SEPHINE_EDEFE_NIG_LTD.pdf
Angela Adebayo,Non-Executive Director,Purchase of Shares,,,"December 3-4, 2025",1106,False,UBA,2025-12-09T15:10:03Z,https://doclib.ngxgroup.com/Financial_NewsDocs/175_Notification_Of_Share_Dealing_By_Insider_-_Erelu_Angela_Adebayo.pdf
Victor Abimbola Olaiya,Non-Executive Director,Share Purchase,,,3 - 8/12/2025,1104,False,NAHCO,2025-12-08T16:05:03Z,https://doclib.ngxgroup.com/Financial_NewsDocs/114_NAHCO_PLC_-_Notification_of_Share_Dealing_by_Insider-VAO.pdf
Andrew Alli,Non-Executive Director,Purchase of Shares,,,,2170,False,MTNN,2025-12-05T15:15:04Z,https://doclib.ngxgroup.com/Financial_NewsDocs/215_MTN_Nigeria_Communications_Plc_Share_Dealing_-_Andrew_Alli_December_2025.pdf
Victor Abimbola Olaiya,Non-Executive Director,Share Purchase,,,4/12/2025,1100,False,NAHCO,2025-12-05T14:45:02Z,https://doclib.ngxgroup.com/Financial_NewsDocs/114_NAHCO_PLC_-_Notification_of_Share_Dealing_by_Insider-_VAO.pdf
Olumuyiwa Augustus Olumekun,Group Managing Director,Share Purchase,,,28/11/2025,1104,False,NAHCO,2025-12-02T10:25:02Z,https://doclib.ngxgroup.com/Financial_NewsDocs/114_NAHCO_PLC_-_Notification_of_Share_Dealing_by_Insider-_OAO.pdf
NNOROM UCHECHUKWU AND CHIDINMA,EMPLOYEE - Business Operations Performance Associate,SALE OF SHARES,"72,000",17.45,"December 1st , 2025",2493,False,UCAP,2025-12-01T18:15:04Z,https://doclib.ngxgroup.com/Financial_NewsDocs/176_NOTICE_OF_INSIDER_DEALING-_SALE-_NNOROM_UCHECHUKWU_AND_CHIDINMA_-1.12.2025.pdf
,,,,,,1,True,ZENITHBANK,2025-12-01T16:25:04Z,https://doclib.ngxgroup.com/Financial_NewsDocs/198_ZBPLC_Notification_of_Share_Dealing_by_Insider_ZSPF_Dec_1.pdf
,Chief Strategy and Operations Officer,,,,,2457,False,UACN,2025-12-01T07:15:08Z,https://doclib.ngxgroup.com/Financial_NewsDocs/173_Share_Dealing_-_Nneka_Chime_v3.pdf
,,,,,,656,False,ZENITHBANK,2025-11-28T17:35:04Z,https://doclib.ngxgroup.com/Financial_NewsDocs/198_ZBPLC_Notification_of_Share_Dealing_by_Insider_Nov_27_2025.pdf
,Non-Executive Director,Sales,,,18/11/2025 and 21/11/2025,1427,False,CONHALLPLC,2025-11-26T16:05:02Z,https://doclib.ngxgroup.com/Financial_NewsDocs/249_INSIDER_DEALING__NOTIFICATION_-_MR._TONY_ANONYAI.pdf
,"Related Company to Mr. Ebenezer Olufowose, Chairman, First Bank",Purchase of Shares,,,"November 25, 2025",1597,False,FIRSTHOLDCO,2025-11-26T13:20:02Z,https://doclib.ngxgroup.com/Financial_NewsDocs/65_Notification_of_Insider_Dealing_-_First_Ally_Capital_Limited.pdf
,Employee of Aradel Holdings PLC,Purchase of Aradel shares,,,"November 19th, 2025",1478,False,ARADEL,2025-11-26T12:45:02Z,https://doclib.ngxgroup.com/Financial_NewsDocs/252_Notification_of_Share_Purchase__-_Damilola_Yahaya_-_21.11.2025.pdf
,Connected person to an employee of Aradel,Purchase of Aradel shares,,,"November 20th, 2025",1457,False,ARADEL,2025-11-26T12:40:03Z,https://doclib.ngxgroup.com/Financial_NewsDocs/252_Notification_of_Share_Purchase_-_Jesuferanmi_Ayodeji_Falade_-_21.11.2025.pdf
,Connected person to an employee of Aradel,Purchase of Aradel shares,,,"November 20th, 2025",1459,False,ARADEL,2025-11-26T12:30:02Z,https://doclib.ngxgroup.com/Financial_NewsDocs/252_Notification_of_Share_Purchase_-_Jesupamilerin_Olaoluwa_Falade_-_21.11.2025.pdf
,Connected person to an employee of Aradel,Purchase of Aradel shares,,,"November 20th, 2025",1461,False,ARADEL,2025-11-26T12:25:02Z,https://doclib.ngxgroup.com/Financial_NewsDocs/252_Notification_of_Share_Purchase_-_Olanike_Arinola_Falade_-_21.11.2025.pdf
,"Employee of Aradel Holdings PLC (GM, Refinery)",Sale of Aradel shares,,,"November 20th, 2025",1436,False,ARADEL,2025-11-26T12:20:03Z,https://doclib.ngxgroup.com/Financial_NewsDocs/252_Notification_of_Dealing_-_Temitayo_Ogunbanjo_-_21.11.2025.pdf
,Connected person to an employee of Aradel,Purchase of Aradel shares,,,"November 20th, 2025",1475,False,ARADEL,2025-11-26T12:15:02Z,https://doclib.ngxgroup.com/Financial_NewsDocs/252_Notification_of_Share_Purchase_-_Ibukunoluwakiitan_Inioluwa_Falade_-_21.11.2025.pdf
,Connected person to an employee of,Purchase of Aradel shares,,,"November 20th, 2025",1461,False,ARADEL,2025-11-26T12:10:02Z,https://doclib.ngxgroup.com/Financial_NewsDocs/252_Notification_of_Share_Purchase_-_Toluwalase_Tanitoluwa_Falade_-_21.11.2025.pdf
,Connected person to an employee of Aradel,Purchase of Aradel shares,,,"November 20th, 2025",1463,False,ARADEL,2025-11-26T12:00:05Z,https://doclib.ngxgroup.com/Financial_NewsDocs/252_Notification_of_Share_Purchase_-_Oluwatomisin_Oreoluwa_Falade_-_21.11.2025.pdf
,Chief Strategy and Operations Officer,,,,,2458,False,UACN,2025-11-25T18:30:04Z,https://doclib.ngxgroup.com/Financial_NewsDocs/173_Share_Dealing_-_Nneka_v2.pdf
,Chief Strategy and Operations Officer,,,,,2498,False,UACN,2025-11-24T07:55:06Z,https://doclib.ngxgroup.com/Financial_NewsDocs/173_Share_Dealing_-_Nneka_Chime.pdf
,,,,,,0,True,ZENITHBANK,2025-11-21T17:45:05Z,https://doclib.ngxgroup.com/Financial_NewsDocs/198_ZBPLC_Notification_of_Share_Dealing_by_Insider_ZSPF_Nov_21.pdf
,Group Company Secretary,Purchase of Shares,,,"November 19, 2025",1068,False,UBA,2025-11-21T08:35:07Z,https://doclib.ngxgroup.com/Financial_NewsDocs/175_Notification_Of_Share_Dealing_By_Insider_-_Bili_Odum.pdf
,SUBSTANTIAL SHAREHOLDER,Sale of Holdings,,,11/11/2025 - 13/11/2025,2135,False,TIP,2025-11-20T12:10:04Z,https://doclib.ngxgroup.com/Financial_NewsDocs/207_Notification_of_Sharedealing_of_Afolayan_Olajide_11th-_13th_Nov.pdf
,Employee of Aradel Holdings PLC,Purchase of Aradel shares,,,"November 14th, 2025",1476,False,ARADEL,2025-11-20T07:55:02Z,https://doclib.ngxgroup.com/Financial_NewsDocs/252_Notification_of_Share_Purchase_-_Damilola_Yahaya_-_18.11.2025.pdf
,Employee of Aradel Holdings PLC (Senior Legal,Purchase of Aradel shares,,,"November 14th, 2025",1451,False,ARADEL,2025-11-20T07:50:08Z,https://doclib.ngxgroup.com/Financial_NewsDocs/252_Notification_of_Share_Purchase_-_Oyindamola_Oloniniyi_-_18.11.2025.pdf
FASUYI ADETOLA AINA,"Managing Director, Wealth Management",SALE OF SHARES,"8,463",17.20,"November 19, 2025",2464,False,UCAP,2025-11-19T17:00:02Z,https://doclib.ngxgroup.com/Financial_NewsDocs/176_NOTICE_OF_INSIDER_DEALING-_SALE-_Adetola_Fasuyi_-19.11.2025.pdf
NNOROM UCHECHUKWU AND CHIDINMA,EMPLOYEE - Business Operations Performance Associate,SALE OF SHARES,"1,000,000",17.75,"November 17, 2025",2496,False,UCAP,2025-11-18T17:05:03Z,https://doclib.ngxgroup.com/Financial_NewsDocs/176_NOTICE_OF_INSIDER_DEALING-_PURCHASE-_NNOROM_UCHECHUKWU_AND_CHIDINMA_-18.11.2025.pdf
FASUYI ADETOLA AINA,"Managing Director, Wealth Management",SALE OF SHARES,"37,190",18.45,"November 17, 2025",2465,False,UCAP,2025-11-18T16:30:06Z,https://doclib.ngxgroup.com/Financial_NewsDocs/176_NOTICE_OF_INSIDER_DEALING-_SALE-_Adetola_Fasuyi_-18.11.2025.pdf
Saheed Lasisi,Executive Director,Share Purchase,,,17/11/2025,1147,False,NAHCO,2025-11-18T13:35:02Z,https://doclib.ngxgroup.com/Financial_NewsDocs/114_NAHCO_PLC_-_Notification_of_Share_Dealing_by_Insider__-_SL-.pdf
,,,,,,0,True,ZENITHBANK,2025-11-17T16:20:04Z,https://doclib.ngxgroup.com/Financial_NewsDocs/198_ZBPLC_Notification_of_Share_Dealing_by_Insider_Okoh_Chuks_Emma_Nov17_2025.pdf
FASUYI ADETOLA AINA,"Managing Director, Wealth Management",SALE OF SHARES,"100,000",18.20,"November 14, 2025",2467,False,UCAP,2025-11-14T18:40:04Z,https://doclib.ngxgroup.com/Financial_NewsDocs/176_NOTICE_OF_INSIDER_DEALING-_SALE-_Adetola_Fasuyi_-14.11.2025.pdf
Saheed Lasisi,Executive Director,Share Purchase,,,14/11/2025,1151,False,NAHCO,2025-11-14T16:50:02Z,https://doclib.ngxgroup.com/Financial_NewsDocs/114_NAHCO_PLC_-_Notification_of_Share_Dealing_by_Insider__-_SL.pdf
,,,,,,399,False,MTNN,2025-11-13T13:55:03Z,https://doclib.ngxgroup.com/Financial_NewsDocs/215_Notification_of_share_dealing_-_Omowa_justina.pdf
,STRATEGY MANAGER,PURCHASE OF DANGOTE CEMENT PLC SHARES,,,6 NOVEMBER 2025,1112,False,DANGCEM,2025-11-12T14:45:05Z,https://doclib.ngxgroup.com/Financial_NewsDocs/50_Notification_of_Insider_Dealing_-_Oluwasegun_Owodunni_(final).pdf
,,,,,,1,True,ZENITHBANK,2025-11-11T16:00:05Z,https://doclib.ngxgroup.com/Financial_NewsDocs/198_ZBPLC_Notification_of_Share_Dealing_by_Insiders_ZSProvident_Sept25.pdf
,,,,,,0,True,ZENITHBANK,2025-11-11T15:55:36Z,https://doclib.ngxgroup.com/Financial_NewsDocs/198_ZBPLC_Notification_of_Share_Dealing_by_Insiders_ZS_Provident_Share__Sale.pdf
,,,,,,0,True,ZENITHBANK,2025-11-11T15:55:04Z,https://doclib.ngxgroup.com/Financial_NewsDocs/198_ZBPLC_Notification_of_Share_Dealing_by_Insiders_ZSProvident_Jun30.pdf
,SUBSTANTIAL SHAREHOLDER,Purchase of Holdings,,,04/11/2025,2035,False,TIP,2025-11-11T10:50:04Z,https://doclib.ngxgroup.com/Financial_NewsDocs/207_Notification_of_Insider_Dealing_04112025_AFOLAYAN.pdf
Saheed Lasisi,Executive Director,Share Purchase,,,4 - 5/11/2025,1149,False,NAHCO,2025-11-10T15:45:07Z,https://doclib.ngxgroup.com/Financial_NewsDocs/114_NAHCO_PLC_-_Notification_of_Share_Dealing_by_Insider__-SL.pdf
,SUBSTANTIAL SHAREHOLDER,Purchase of Holdings,,,03/11/2025,2056,False,TIP,2025-11-10T15:00:04Z,https://doclib.ngxgroup.com/Financial_NewsDocs/207_Notification_of_Insider_Dealing_Afolayan_Samuel_Olajide.pdf
ABAFOR ARINZE PRAISE,"Team Member, Operations",SALE OF SHARES,"15,000",18.10,"November 7, 2025",1496,False,UCAP,2025-11-10T10:35:03Z,https://doclib.ngxgroup.com/Financial_NewsDocs/176_NOTICE_OF_INSIDER_DEALING-_SALE-_ARINZE_-10.11.2025.pdf
,CHAIRMAN OF BOARD,Sale of Holdings,,,31/10/2025,2005,False,TIP,2025-11-07T12:00:04Z,https://doclib.ngxgroup.com/Financial_NewsDocs/207_Sharedealing_of_Joe_Anosikeh.pdf
,,,,,,0,True,ZENITHBANK,2025-11-06T18:45:04Z,https://doclib.ngxgroup.com/Financial_NewsDocs/198_ZBPLC_Notification_of_Share_Dealing_by_Insiders_-_Chuks_Emma_Okoh.pdf
Mrs. ‘Yemisi Ayeni,Independent Non-Executive Director,Purchase of Shares,,,5th November 2025,1168,False,DANGSUGAR,2025-11-06T16:45:02Z,https://doclib.ngxgroup.com/Financial_NewsDocs/52_Notification_of_Share_Dealing_By_Director.pdf
AHMED SAHEED ADEWALE,"Team Lead, Operations",SALE OF SHARES,"111,084",18.30,"November 4, 2025",1440,False,UCAP,2025-11-05T09:35:02Z,https://doclib.ngxgroup.com/Financial_NewsDocs/176_NOTICE_OF_INSIDER_DEALING-_SALE-_AHMED_SAHEED_ADEWALE_-05.11.2025.pdf
OLUBOWALE OLUWATENIOLA,Development Operations Engineer,PURCHASE OF SHARES,5700,18,"November 3, 2025",2454,False,UCAP,2025-11-03T17:40:03Z,https://doclib.ngxgroup.com/Financial_NewsDocs/176_NOTICE_OF_INSIDER_DEALING-_PURCHASE-_OLUBOWALE_OLUWATENIOLA_-03.11.2025.pdf
Mr. Eddie Efekoha,Group Chief Executive Officer,Sales,"165,390,568",3.77,25 September 2025,1394,False,CONHALLPLC,2025-10-17T17:15:04Z,https://doclib.ngxgroup.com/Financial_NewsDocs/249_NOTIFICATION.pdf
,,,,,,0,True,ZENITHBANK,2025-10-07T13:26:04Z,https://doclib.ngxgroup.com/Financial_NewsDocs/198_ZBPLC_Notification_of_Share_Dealing_by_Insiders_Quantum_Sept_26_2025.pdf
EZE CHIMA ANTHONY,Information Technology,SALE OF SHARES,"54,000",18.82,"September 29th, 2025",2453,False,UCAP,2025-09-30T16:25:03Z,https://doclib.ngxgroup.com/Financial_NewsDocs/176_NOTICE_OF_INSIDER_DEALING-_SALE-_EZE_CHIMA_ANTHONY_-30.09.2025.pdf
OLOMU MODUPE,Human Resource Officer,SALE OF SHARES,"1,177",19.00,"September 29th, 2025",2446,False,UCAP,2025-09-30T16:20:02Z,https://doclib.ngxgroup.com/Financial_NewsDocs/176_NOTICE_OF_INSIDER_DEALING-_SALE-_OLOMU_MODUPE_-30.09.2025.pdf
Oliver Alawuba,Group Managing Director,Purchase of Shares,,,"September 29 -30, 2025",1075,False,UBA,2025-09-30T16:15:02Z,https://doclib.ngxgroup.com/Financial_NewsDocs/175_Notification_Of_Share_Dealing_By_Insider_-_Oliver_Alawuba.pdf
Muyiwa Akinyemi,Deputy Managing Director,Purchase of Shares,,,"September 29 - 30, 2025",1078,False,UBA,2025-09-30T16:10:01Z,https://doclib.ngxgroup.com/Financial_NewsDocs/175_Notification_Of_Share_Dealing_By_Insider_-_Muyiwa_Akinyemi.pdf
Chiugo Ndubisi and Ifeoma Ndubisi,Board Advisor and Relative of Board Advisor,Purchase of Shares,,,"September 29-30, 2025",1113,False,UBA,2025-09-30T16:05:02Z,https://doclib.ngxgroup.com/Financial_NewsDocs/175_Notification_Of_Share_Dealing_By_Insider_-_Chiugo_and_Ifeoma.pdf
Caroline Anyanwu,Non-Executive Director,Purchase of Shares,,,"September 29 - 30, 2025",1114,False,UBA,2025-09-30T16:00:02Z,https://doclib.ngxgroup.com/Financial_NewsDocs/175_Notification_Of_Share_Dealing_By_Insider_-_Caroline_Anyanwu.pdf
Ugochukwu Nwaghodoh,Executive Director,Purchase of Shares,,,"September 29 - 30, 2025",1072,False,UBA,2025-09-30T15:57:37Z,https://doclib.ngxgroup.com/Financial_NewsDocs/175_Notification_Of_Share_Dealing_By_Insider_-_Ugochukwu_Nwaghodoh.pdf
,,,,,,0,True,ZENITHBANK,2025-09-26T14:25:03Z,https://doclib.ngxgroup.com/Financial_NewsDocs/198_ZBPLC_Notification_of_Share_Dealing_by_Insider_Zenith_Staff_Provident_Fund_Sept_2025.pdf
,SUBSTANTIAL SHAREHOLDER,Purchase of Holdings,,,18/09/2025,2076,False,TIP,2025-09-26T08:45:02Z,https://doclib.ngxgroup.com/Financial_NewsDocs/207_AFOLAYAN_Shredealing_of_24th_September.pdf
,Shareholder holding above 5%,Sale of Shares,,,"September 25th, 2025",1422,False,ARADEL,2025-09-25T22:10:02Z,https://doclib.ngxgroup.com/Financial_NewsDocs/252_Notification_of_Dealing_-_Capital_Alliance_Private_Equity_(CAPE)_IV_Limited.pdf
,Shareholder holding above 5%,Purchase of Shares,,,"September 25th, 2025",1397,False,ARADEL,2025-09-25T22:05:04Z,https://doclib.ngxgroup.com/Financial_NewsDocs/252_Notification_of_Dealing_-_Petrolin_Ocean_Limited.pdf
,Significant Shareholder,Purchase of Shares,,,"September 23, 2025",1496,False,FIRSTHOLDCO,2025-09-24T19:55:01Z,https://doclib.ngxgroup.com/Financial_NewsDocs/65_Notification_of_Share_Dealing_by_Insiders_-_Mr_Olufemi_Otedola_.pdf
,Company Related to a Significant Shareholder – Mr. Olufemi,Purchase of Shares,,,"September 23, 2025",1555,False,FIRSTHOLDCO,2025-09-24T19:35:05Z,https://doclib.ngxgroup.com/Financial_NewsDocs/65_Notification_of_Share_Dealing_by_Insiders_-_Calvados_Global_Services_Limited_.pdf
,Connected person to an employee of Aradel Holdings PLC,Purchase of Aradel shares,,,"September 12th, 2025",1357,False,ARADEL,2025-09-24T11:15:02Z,https://doclib.ngxgroup.com/Financial_NewsDocs/252_Notification_of_Insider_Dealing_-_Adenike_Ogunbanjo.pdf
,"Employee of Aradel Holdings PLC (Head, Internal Audit)",Sale of Aradel shares,,,"September 16th, 2025",1420,False,ARADEL,2025-09-24T11:05:02Z,https://doclib.ngxgroup.com/Financial_NewsDocs/252_Notification_of_Dealing_-_Oluwasegun_Ayodele.pdf
,Connected person to an employee of Aradel Holdings PLC,Purchase of Aradel shares,,,"September 18th, 2025",1359,False,ARADEL,2025-09-24T10:55:02Z,https://doclib.ngxgroup.com/Financial_NewsDocs/252_Notification_of_Dealing_-_Olusegun_Ogunbanjo.pdf
,Employee of Aradel Holdings PLC (Commercial Analyst),Purchase of Aradel shares,,,"September 19th, 2025",1363,False,ARADEL,2025-09-24T10:50:02Z,https://doclib.ngxgroup.com/Financial_NewsDocs/252_Notification_of_Dealing_-_Damiete_Oyibo.pdf
Olaleye Kolapo,"General Manager, Financial Planning",Purchase of Shares,,,,2402,False,MTNN,2025-09-23T17:20:02Z,https://doclib.ngxgroup.com/Financial_NewsDocs/215_MTN_Nigeria_Communications_Plc_Share_Dealing_-_Kolapo_Olaleye.pdf
Victor Esemezie,"Senior Manager, Sourcing",Purchase of Shares,,,,2339,False,MTNN,2025-09-23T17:05:04Z,https://doclib.ngxgroup.com/Financial_NewsDocs/215_MTN_Nigeria_Communications_Plc_Share_Dealing_-_Victor_Esemezie.pdf
ADEYEMI PRISCILLA FAITH,"Team Member, Compliance",SALE OF SHARES,"55,374",19.60,"September 17, 2025",1503,False,UCAP,2025-09-23T10:35:03Z,https://doclib.ngxgroup.com/Financial_NewsDocs/176_NOTICE_OF_INSIDER_DEALING-_SALE_-_ADEYEMI_PRISCILLA_FAITH_-17.09.2025.pdf
,UAC Employee,,,,,2608,False,UACN,2025-09-18T10:55:03Z,https://doclib.ngxgroup.com/Financial_NewsDocs/173_Crystalisation_of_Value_Creation_Plan_-_Olufunmi_Odetunde.pdf
,UAC Employee,,,,,2608,False,UACN,2025-09-18T10:46:20Z,https://doclib.ngxgroup.com/Financial_NewsDocs/173_Crystalisation_of_Value_Creation_Plan_-_TR.pdf
,UAC Employee,,,,,2606,False,UACN,2025-09-16T15:55:02Z,https://doclib.ngxgroup.com/Financial_NewsDocs/173_Crystalisation_of_Value_Creation_Plan_-_Asisat_Alfred.pdf
,UAC Employee,,,,,2609,False,UACN,2025-09-16T15:50:01Z,https://doclib.ngxgroup.com/Financial_NewsDocs/173_Crystalisation_of_Value_Creation_Plan_-_Gideon_Oyeleye.pdf
,UAC Employee,,,,,2608,False,UACN,2025-09-16T15:45:02Z,https://doclib.ngxgroup.com/Financial_NewsDocs/173_Crystalisation_of_Value_Creation_Plan_-_Motunrayo_Oke.pdf
,UAC Employee,,,,,2619,False,UACN,2025-09-16T15:40:02Z,https://doclib.ngxgroup.com/Financial_NewsDocs/173_Crystalisation_of_Value_Creation_Plan_-_QDE.pdf
,UAC Employee,,,,,2610,False,UACN,2025-09-16T15:35:33Z,https://doclib.ngxgroup.com/Financial_NewsDocs/173_Crystalisation_of_Value_Creation_Plan_-_Chiamaka_Uwuagbute.pdf
,UAC Employee,,,,,2605,False,UACN,2025-09-16T15:35:02Z,https://doclib.ngxgroup.com/Financial_NewsDocs/173_Crystalisation_of_Value_Creation_Plan_-_Adaobi_Awe.pdf
,UAC Employee,,,,,2599,False,UACN,2025-09-16T15:30:02Z,https://doclib.ngxgroup.com/Financial_NewsDocs/173_Crystalisation_of_Value_Creation_Plan_-_AOB.pdf
,UAC Employee,,,,,2608,False,UACN,2025-09-16T15:25:33Z,https://doclib.ngxgroup.com/Financial_NewsDocs/173_Crystalisation_of_Value_Creation_Plan_-_Temitope_Oyegoke.pdf
,UAC Employee,,,,,2604,False,UACN,2025-09-16T15:25:02Z,https://doclib.ngxgroup.com/Financial_NewsDocs/173_Crystalisation_of_Value_Creation_Plan_-_Jerry_Uke.pdf
,UAC Employee,,,,,2610,False,UACN,2025-09-16T15:20:02Z,https://doclib.ngxgroup.com/Financial_NewsDocs/173_Crystalisation_of_Value_Creation_Plan_-_Taiwo_Oluwadare.pdf
,UAC Employee,,,,,2611,False,UACN,2025-09-16T15:15:02Z,https://doclib.ngxgroup.com/Financial_NewsDocs/173_Crystalisation_of_Value_Creation_Plan_-_FIO.pdf
,UAC Employee,,,,,2608,False,UACN,2025-09-16T15:10:02Z,https://doclib.ngxgroup.com/Financial_NewsDocs/173_Crystalisation_of_Value_Creation_Plan_-_Precious_Momoh.pdf
,UAC Employee,,,,,2610,False,UACN,2025-09-16T15:05:02Z,https://doclib.ngxgroup.com/Financial_NewsDocs/173_Crystalisation_of_Value_Creation_Plan_-_Charles_Boyitie.pdf
,UAC Employee,,,,,2610,False,UACN,2025-09-16T15:00:34Z,https://doclib.ngxgroup.com/Financial_NewsDocs/173_Crystalisation_of_Value_Creation_Plan_-_Seun_Coker.pdf
,UAC Employee,,,,,2978,False,UACN,2025-09-16T15:00:02Z,https://doclib.ngxgroup.com/Financial_NewsDocs/173_Crystalisation_of_Value_Creation_Plan_-_Oriyomi_Awesu.pdf
,UAC Employee,,,,,2602,False,UACN,2025-09-16T14:55:02Z,https://doclib.ngxgroup.com/Financial_NewsDocs/173_Crystalisation_of_Value_Creation_Plan_-_FBA.pdf
,UAC Employee,,,,,2608,False,UACN,2025-09-16T14:50:02Z,https://doclib.ngxgroup.com/Financial_NewsDocs/173_Crystalisation_of_Value_Creation_Plan_-_Michael_Ogunkalu.pdf
,UAC Employee,,,,,2609,False,UACN,2025-09-16T14:45:33Z,https://doclib.ngxgroup.com/Financial_NewsDocs/173_Crystalisation_of_Value_Creation_Plan_-_Saturday_Emmanuel.pdf
,UAC Employee,,,,,2601,False,UACN,2025-09-16T14:45:02Z,https://doclib.ngxgroup.com/Financial_NewsDocs/173_Crystalisation_of_Value_Creation_Plan_-_David_Dogeni.pdf
,UAC Employee,,,,,2598,False,UACN,2025-09-16T14:35:02Z,https://doclib.ngxgroup.com/Financial_NewsDocs/173_Crystalisation_of_Value_Creation_Plan_-_AW.pdf
,UAC Employee,,,,,2611,False,UACN,2025-09-16T14:30:02Z,https://doclib.ngxgroup.com/Financial_NewsDocs/173_Crystalisation_of_Value_Creation_Plan_-_Olayinka_Ihidero.pdf
,UAC Employee,,,,,2614,False,UACN,2025-09-16T14:25:02Z,https://doclib.ngxgroup.com/Financial_NewsDocs/173_Crystalisation_of_Value_Creation_Plan_-_Cynthia_Ojugo.pdf
,UAC Employee,,,,,2607,False,UACN,2025-09-16T14:20:35Z,https://doclib.ngxgroup.com/Financial_NewsDocs/173_Crystalisation_of_Value_Creation_Plan_-_Michael_Anisere.pdf
,UAC Employee,,,,,2609,False,UACN,2025-09-16T14:20:04Z,https://doclib.ngxgroup.com/Financial_NewsDocs/173_Crystalisation_of_Value_Creation_Plan_-_Becky_Adeshina.pdf
ABAFOR ARINZE PRAISE,"Team Member, Trade and Investment",PURCHASE OF SHARES,"22,000",19.20,"September 15, 2025",1503,False,UCAP,2025-09-15T17:50:03Z,https://doclib.ngxgroup.com/Financial_NewsDocs/176_NOTICE_OF_INSIDER_DEALING-_PURCHASE-_ARINZE_-15.09.2025.pdf
,SUBSTANTIAL SHAREHOLDER,Sale of Holdings,,,28/08/2025; 29/08/2025,2111,False,TIP,2025-09-09T15:25:34Z,https://doclib.ngxgroup.com/Financial_NewsDocs/207_Ossai_Sharedealing_of_28th_and_29th_August.pdf
,SUBSTANTIAL SHAREHOLDER,Purchase of Holdings,,,28/08/2025,2075,False,TIP,2025-09-09T15:25:03Z,https://doclib.ngxgroup.com/Financial_NewsDocs/207_AFOLAYAN_Sharedealing_of_28th_August_2025.pdf
,SUBSTANTIAL SHAREHOLDER,Sale of Holdings,,,28/08/2025; 29/08/2025,2132,False,TIP,2025-09-09T15:20:04Z,https://doclib.ngxgroup.com/Financial_NewsDocs/207_RICHGATE_Sharedealing_of_28th_and_29th_August.pdf
,SUBSTANTIAL SHAREHOLDER,Purchase of Holdings,,,"25/08/2025, 27/08/2025",2147,False,TIP,2025-09-03T16:50:04Z,https://doclib.ngxgroup.com/Financial_NewsDocs/207_AFOLAYAN_Sharedealing_of_25th_and_27th_August.pdf
,SUBSTANTIAL SHAREHOLDER,Sale of Holdings,,,"25/08/2025, 26/08/2025, 27/08/2025",2166,False,TIP,2025-09-03T15:55:02Z,https://doclib.ngxgroup.com/Financial_NewsDocs/207_RICHGATE_Sharedealing_of_25th_to_27th_August.pdf
,SUBSTANTIAL SHAREHOLDER,Sale of Holdings,,,"25/08/2025, 26/8/2025, 27/8/2025",2151,False,TIP,2025-09-03T15:50:02Z,https://doclib.ngxgroup.com/Financial_NewsDocs/207_OSSAI_Sharedealing_of_25th_to_27th_August.pdf
,SUBSTANTIAL SHAREHOLDER,Sale of Holdings,,,"20/8/2025, 21/8/2025, 22/08/2025",2182,False,TIP,2025-09-03T09:25:02Z,https://doclib.ngxgroup.com/Financial_NewsDocs/207_Ossai_Sharedealing_of_20th_Aug-_22nd_Aug.pdf
,SUBSTANTIAL SHAREHOLDER,Sale of Holdings,,,"20/08/2025, 21/8/2025, 22/8/2025",2190,False,TIP,2025-09-03T09:16:18Z,https://doclib.ngxgroup.com/Financial_NewsDocs/207_RichGate_Sharedealing_of_20th_-22nd_August.pdf
JIBUNOH JOSEPH ONYINYE,"Relative of staff, Chidinma Jibunoh (HR Analyst)",PURCHASE OF SHARES,"7,680",19.25,"September 1, 2025",1526,False,UCAP,2025-09-01T16:50:02Z,https://doclib.ngxgroup.com/Financial_NewsDocs/176_NOTICE_OF_INSIDER_DEALING-_PURCHASE-_JIBUNOH_JOSEPH_ONYINYE_-01.09.2025.pdf
,SUBSTANTIAL SHAREHOLDER,Sale of Holdings,,,18/08/2025 and 19/08/2025,2143,False,TIP,2025-09-01T12:00:03Z,https://doclib.ngxgroup.com/Financial_NewsDocs/207_RICHGATE_Sharedealing_of_18th_and_19th_August.pdf
,SUBSTANTIAL SHAREHOLDER,Sale of Holdings,,,18/08/2025 and 19/08/2025,2090,False,TIP,2025-09-01T11:55:02Z,https://doclib.ngxgroup.com/Financial_NewsDocs/207_Ossai_Sharedealing_of_18th_and_19th_August.pdf
,SUBSTANTIAL SHAREHOLDER,Sale of Holdings,,,18/08/2025 and 19/08/2025,2161,False,TIP,2025-09-01T11:40:02Z,https://doclib.ngxgroup.com/Financial_NewsDocs/207_AFOLAYAN_Sharedealing_of_18th_and_19th_August.pdf
JIBUNOH JOSEPH ONYINYE,"Relative of staff, Chidinma Jibunoh (HR Analyst)",PURCHASE OF SHARES,"11,868",19.10,"August 28, 2025",1524,False,UCAP,2025-08-28T17:20:03Z,https://doclib.ngxgroup.com/Financial_NewsDocs/176_NOTICE_OF_INSIDER_DEALING-_PURCHASE-_JIBUNOH_JOSEPH_ONYINYE_-28.08.2025.pdf
,SUBSTANTIAL SHAREHOLDER,Sale of Holdings,,,15/08/2025,2068,False,TIP,2025-08-27T10:25:35Z,https://doclib.ngxgroup.com/Financial_NewsDocs/207_AFOLAYAN_Sharedealing_of_15th_August-_Sale.pdf
,SUBSTANTIAL SHAREHOLDER,Purchase of Holdings,,,15/08/2025,2094,False,TIP,2025-08-27T10:25:04Z,https://doclib.ngxgroup.com/Financial_NewsDocs/207_AFOLAYAN_Sharedealing_of_15th_August_-Purchase.pdf
AKINTOLA AKINSOJI TAJUDEEN,Client Advisor,PURCHASE OF SHARES,16,18.95,"August 26, 2025",1486,False,UCAP,2025-08-26T18:10:02Z,https://doclib.ngxgroup.com/Financial_NewsDocs/176_NOTICE_OF_INSIDER_DEALING-_PURCHASE-_AKINTOLA_AKINSOJI_TAJUDEEN_-26.08.2025.pdf
,NON-EXECUTIVE DIRECTOR,PURCHASE OF SHARES,"5,254",541.80,21st August 2025,1165,False,BUAFOODS,2025-08-26T11:55:03Z,https://doclib.ngxgroup.com/Financial_NewsDocs/238_SHARES_DEALINGS_NOTIFICATION_26_AUGUST_2025.pdf
HOUESSINON PRISCILLA SENAME,"Team Member, Trade and Investment",PURCHASE OF SHARES,"104,092",19.10,"August 25, 2025",1506,False,UCAP,2025-08-25T17:00:03Z,https://doclib.ngxgroup.com/Financial_NewsDocs/176_NOTICE_OF_INSIDER_DEALING-_PURCHASE-_HOUESSINON_PRISCILLA_SENAME_-25.08.2025.pdf
JIBUNOH JOSEPH ONYINYE,"Relative of staff, Chidinma Jibunoh (HR Analyst)",PURCHASE OF SHARES,"10,420",19.20,"August 21, 2025",1524,False,UCAP,2025-08-21T16:10:01Z,https://doclib.ngxgroup.com/Financial_NewsDocs/176_NOTICE_OF_INSIDER_DEALING-_PURCHASE-_JIBUNOH_JOSEPH_ONYINYE_-21.08.2025_1.pdf
,SUBSTANTIAL SHAREHOLDER,Sale of Holdings,,,08/08/2025,2078,False,TIP,2025-08-20T09:20:02Z,https://doclib.ngxgroup.com/Financial_NewsDocs/207_AFOLAYAN_Sharedealing_of_8th_August_Sale.pdf
,SUBSTANTIAL SHAREHOLDER,Purchase of Holdings,,,08/08/2025,2077,False,TIP,2025-08-20T09:10:03Z,https://doclib.ngxgroup.com/Financial_NewsDocs/207_AFOLAYAN_Sharedealing_of_8th_August_Purchase.pdf
,SUBSTANTIAL SHAREHOLDER,Sale of Holdings,,,08/08/2025,2057,False,TIP,2025-08-20T09:05:02Z,https://doclib.ngxgroup.com/Financial_NewsDocs/207_OSSAI_Sharedealing_of_8th_August_Sale.pdf
,SUBSTANTIAL SHAREHOLDER,Sale of Holdings,,,08/08/2025,2084,False,TIP,2025-08-20T08:55:08Z,https://doclib.ngxgroup.com/Financial_NewsDocs/207_RICHGATE_Sharedealing_of_8th_August.pdf
UKWA UWE EDET,"Head, Payment Operations",SALE OF SHARES,"3,591",19.25,"August 19, 2025",1485,False,UCAP,2025-08-19T17:45:02Z,https://doclib.ngxgroup.com/Financial_NewsDocs/176_NOTICE_OF_INSIDER_DEALING-_SALE_-_UKWA_UWE_EDET_-19.08.2025.pdf
BABA HAFSAT SANI,Regional Business Head,PURCHASE OF SHARES,2,19.40,"August 19, 2025",1482,False,UCAP,2025-08-19T17:40:02Z,https://doclib.ngxgroup.com/Financial_NewsDocs/176_NOTICE_OF_INSIDER_DEALING-_PURCHASE-_BABA_HAFSAT_SANI_-19.08.2025.pdf
AKINTOLA AKINSOJI TAJUDEEN,Client Advisor,PURCHASE OF SHARES,"20,000",19.20,"August 19, 2025",1494,False,UCAP,2025-08-19T17:35:03Z,https://doclib.ngxgroup.com/Financial_NewsDocs/176_NOTICE_OF_INSIDER_DEALING-_PURCHASE-_AKINTOLA_AKINSOJI_TAJUDEEN_-19.08.2025.pdf
,,,,,,1221,False,UCAP,2025-08-18T17:23:29Z,https://doclib.ngxgroup.com/Listings-site/corporate-disclosure-site/Documents/UBA_PLC_Approval_of_Group_Audited_Half_Year_2025_Accounts_.pdf
ANYANWU CYNTHIA CHIAMAKA,Customer Support Specialist,SALE OF SHARES,"3,450",19.50,"August 15, 2025",1499,False,UCAP,2025-08-15T18:40:03Z,https://doclib.ngxgroup.com/Financial_NewsDocs/176_NOTICE_OF_INSIDER_DEALING-_SALE-_ANYANWU_CYNTHIA_CHIAMAKA_-15.08.2025.pdf
,SUBSTANTIAL SHAREHOLDER,Sale of Holdings,,,06/08/2025 and 07/08/2025,2112,False,TIP,2025-08-15T15:25:02Z,https://doclib.ngxgroup.com/Financial_NewsDocs/207_RICHGATE_Sharedealing_of_6th_and_7th_August.pdf
,SUBSTANTIAL SHAREHOLDER,Sale of Holdings,,,"05/08/2025, 06/08/2025 and 07/08/2025",2155,False,TIP,2025-08-15T15:20:03Z,https://doclib.ngxgroup.com/Financial_NewsDocs/207_Ossai_Sharedealing_of_5th_to_7th_August.pdf
,SUBSTANTIAL SHAREHOLDER,Sale of Holdings,,,05/08/2025 and 06/08/2025,2146,False,TIP,2025-08-15T15:05:02Z,https://doclib.ngxgroup.com/Financial_NewsDocs/207_AFOLAYAN_Sharedealing_of_5th_to_6th_August.pdf
AKISANYA PATRICK TITILOPE,Finance Officer,SALE OF SHARES,"12,315",19.95,"August 13, 2025",1490,False,UCAP,2025-08-14T11:15:02Z,https://doclib.ngxgroup.com/Financial_NewsDocs/176_NOTICE_OF_INSIDER_DEALING-_SALE_-_AKISANYA_PATRICK_TITILOPE_-13.08.2025.pdf
,,,,,,3251,False,SEPLAT,2025-08-13T13:40:02Z,https://doclib.ngxgroup.com/Financial_NewsDocs/44855_SEPLAT_ENERGY_PLC-NOTIFICATION_ON_SHARE_DEALING__CORPORATE_ACTIONS_AUGUST_2025.pdf
,SUBSTANTIAL SHAREHOLDER,Sale of Holdings,,,04/08/2025,2050,False,TIP,2025-08-13T11:35:02Z,https://doclib.ngxgroup.com/Financial_NewsDocs/207_OSSAI_REUBEN_M_Sharedealing_of_4th_August.pdf
,SUBSTANTIAL SHAREHOLDER,Sale of Holdings,,,04/08/2025,2082,False,TIP,2025-08-13T11:30:02Z,https://doclib.ngxgroup.com/Financial_NewsDocs/207_AFOLAYAN_Sharedealing_of_4th_August.pdf
,SUBSTANTIAL SHAREHOLDER,Sale of Holdings,,,04/08/2025,2074,False,TIP,2025-08-13T11:20:02Z,https://doclib.ngxgroup.com/Financial_NewsDocs/207_RICHGATE_Sharedealing_of_4th_August.pdf
,Connected person to an employee of Aradel,Purchase of Aradel shares,,,"August 4th, 2025",1459,False,ARADEL,2025-08-13T11:15:02Z,https://doclib.ngxgroup.com/Financial_NewsDocs/252_Notification_of_Dealing_-_Toluwalase_Tanitoluwa_Falade_-_11.8.2025.pdf
,Connected person to an employee of Aradel,Purchase of Aradel shares,,,"August 4th, 2025",1442,False,ARADEL,2025-08-13T11:10:02Z,https://doclib.ngxgroup.com/Financial_NewsDocs/252_Notification_of_Dealing_-_Oluwatomisin_Oreoluwa_Falade_-_11.8.2025.pdf
,Connected person to an employee of Aradel,Purchase of Aradel shares,,,"August 4th, 2025",1465,False,ARADEL,2025-08-13T11:05:02Z,https://doclib.ngxgroup.com/Financial_NewsDocs/252_Notification_of_Dealing_-_Ibukunoluwakiitan_Inioluwa_Falade_-_11.8.2025.pdf
,Employee of Aradel Holdings PLC,Purchase of Aradel shares,,,"August 1st, 2025",1472,False,ARADEL,2025-08-13T11:00:02Z,https://doclib.ngxgroup.com/Financial_NewsDocs/252_Notification_of_Share_Purchase_-_Damilola_Yahaya_-_13.8.2025.pdf
,Employee of Aradel Holdings PLC (Deputy,Purchase of Aradel shares,,,"August 4th, 2025",1476,False,ARADEL,2025-08-13T10:40:34Z,https://doclib.ngxgroup.com/Financial_NewsDocs/252_Notification_of_Share_Purchase_-_Oghogho_Aghimien_-_11.8.2025.pdf
,Employee of Aradel Holdings PLC (Security,Sale of Aradel shares,,,"August 5th, 2025",1447,False,ARADEL,2025-08-13T10:40:02Z,https://doclib.ngxgroup.com/Financial_NewsDocs/252_Notification_of_Share_Purchase_-_Friday_Ogwu_-_11.8.2025.pdf
,Employee of Aradel Holdings PLC (HR Business,Purchase of Aradel shares,,,"August 5th, 2025",1434,False,ARADEL,2025-08-13T10:30:03Z,https://doclib.ngxgroup.com/Financial_NewsDocs/252_Notification_of_Share_Purchase_-_Bimpe_Oladerin_-_11.8.2025.pdf
NNOROM UCHECHUKWU AND CHIDINMA,"Relative of a director, Nnorom Emmanuel",SALE OF SHARES,"25,000",19.70,"August 12, 2025",1519,False,UCAP,2025-08-13T08:45:09Z,https://doclib.ngxgroup.com/Financial_NewsDocs/176_NOTICE_OF_INSIDER_DEALING-_SALE-_NNOROM_UCHECHUKWU_AND_CHIDINMA_-12.08.2025_1.pdf
,SUBSTANTIAL SHAREHOLDER,Sale of Holdings,,,"30/07/2025, 30/07/2025 and 1/08/2025",2169,False,TIP,2025-08-12T10:10:02Z,https://doclib.ngxgroup.com/Financial_NewsDocs/207_RichGate_Sharedealing_of_30th_July_to_1st_August.pdf
,SUBSTANTIAL SHAREHOLDER,Sale of Holdings,,,"30/07/2025, 31/07/2025 and 1/08/2025",2145,False,TIP,2025-08-12T10:00:02Z,https://doclib.ngxgroup.com/Financial_NewsDocs/207_Ossai_Sharedealing_of_30th_July_to_1st_August.pdf
,SUBSTANTIAL SHAREHOLDER,Sale of Holdings,,,"30/07/2025, 31/07/2025 and 01/08/2025",2162,False,TIP,2025-08-12T09:50:05Z,https://doclib.ngxgroup.com/Financial_NewsDocs/207_AFOLAYAN_Sharedealing_of_30th_July_to_1st_August.pdf
AKISANYA PATRICK TITILOPE,Finance Officer,SALE OF SHARES,"7,685",20.10,"August 11, 2025",1488,False,UCAP,2025-08-11T17:10:03Z,https://doclib.ngxgroup.com/Financial_NewsDocs/176_NOTICE_OF_INSIDER_DEALING-_SALE-_AKISANYA_PATRICK_TITILOPE_-11.08.2025_1.pdf
,Executive Director,Purchase,,,,1401,False,CUSTODIAN,2025-08-08T12:35:03Z,https://doclib.ngxgroup.com/Financial_NewsDocs/47_Notification_of_Share_Dealing_-_Mr._Adeniyi_Falade.pdf
,Independent Non-Executive Director,Purchase,,,,1473,False,CUSTODIAN,2025-08-08T12:05:04Z,https://doclib.ngxgroup.com/Financial_NewsDocs/47_Notification_of_Share_Dealing_-_Mrs._Binta_Max-Gbinije.pdf
,NON-EXECUTIVE DIRECTOR,SELL,"15,000",38.60,5TH AUGUST 2025,1177,False,ETERNA,2025-08-08T09:20:02Z,https://doclib.ngxgroup.com/Financial_NewsDocs/44829_ETERNA_PLC.-ETERNA_PLC_DIRECTOR_DEALINGS_CORPORATE_ACTIONS_AUGUST_2025.pdf
,SUBSTANTIAL SHAREHOLDER,Sale of Holdings,,,29/07/2025,2075,False,TIP,2025-08-06T15:50:02Z,https://doclib.ngxgroup.com/Financial_NewsDocs/207_AFOLAYAN_Sharedealing_of_29th_July.pdf
,SUBSTANTIAL SHAREHOLDER,Sale of Holdings,,,29/07/2025,2063,False,TIP,2025-08-06T15:45:35Z,https://doclib.ngxgroup.com/Financial_NewsDocs/207_OSSAI_Sharedealing_of_29th_July_2025.pdf
,SUBSTANTIAL SHAREHOLDER,Sale of Holdings,,,29/07/2025,2083,False,TIP,2025-08-06T15:45:03Z,https://doclib.ngxgroup.com/Financial_NewsDocs/207_RICHGATE_Sharedealing_of_29th_July_2025.pdf
ODOEMENE FAITH EUCHARIA,OFFICER ADMINISTRATOR,PURCHASE OF SHARES,"4,169",20.30,"August 5, 2025",1494,False,UCAP,2025-08-05T19:00:03Z,https://doclib.ngxgroup.com/Financial_NewsDocs/176_NOTICE_OF_INSIDER_DEALING-_PURCHASE-_ODOEMENE_FAITH_EUCHARIA_-05.08.2025.pdf
AKINTOLA AKINSOJI TAJUDEEN,Client Advisor,PURCHASE OF SHARES,"10,000",20.05,"August 5, 2025",1492,False,UCAP,2025-08-05T18:50:04Z,https://doclib.ngxgroup.com/Financial_NewsDocs/176_NOTICE_OF_INSIDER_DEALING-_PURCHASE-_AKINTOLA_AKINSOJI_TAJUDEEN_-05.08.2025.pdf
OSSAI REUBEN M,SUBSTANTIAL SHAREHOLDER,Sale of Holdings,,,28/07/2025,2072,False,TIP,2025-08-05T13:55:02Z,https://doclib.ngxgroup.com/Financial_NewsDocs/207_OSSAI_SHAREDEALING_of_28th_July.pdf
RICHGATE INVEST SEC LTD,SUBSTANTIAL SHAREHOLDER,Sale of Holdings,,,28/07/2025,2082,False,TIP,2025-08-05T13:50:03Z,https://doclib.ngxgroup.com/Financial_NewsDocs/207_RichGate_Sharedealing_of_28th_July.pdf
ABIODUN OLUYEMI GLORIA,"Head, Retail",PURCHASE OF SHARES,"4,000",19.90,"August 4, 2025",1484,False,UCAP,2025-08-04T17:00:03Z,https://doclib.ngxgroup.com/Financial_NewsDocs/176_NOTICE_OF_INSIDER_DEALING-_PURCHASE-_ABIODUN_OLUYEMI_GLORIA_-04.08.2025.pdf
TONY-OKONTA EKENE,Portfolio Analyst,SALE OF SHARES,"46,750",19.62,"August 1, 2025",1482,False,UCAP,2025-08-01T17:15:02Z,https://doclib.ngxgroup.com/Financial_NewsDocs/176_NOTICE_OF_INSIDER_DEALING-_SALE-_TONY-OKONTA_EKENE_-01.08.2025.pdf
,NON-EXECUTIVE DIRECTOR,PURCHASE OF DANGOTE CEMENT PLC SHARES,,,31 JULY 2025,1103,False,DANGCEM,2025-08-01T17:10:03Z,https://doclib.ngxgroup.com/Financial_NewsDocs/50_Notification_of_Insider_Dealing_-_Olakunle_Alake_(Final).pdf
BADMUS MICHAEL KAYODE,"Team Lead, Operations",SALE OF SHARES,"10,000",20.30,"July 30, 2025",1488,False,UCAP,2025-07-31T13:15:02Z,https://doclib.ngxgroup.com/Financial_NewsDocs/176_NOTICE_OF_INSIDER_DEALING-_SALE-_BADMUS_MICHAEL_KAYODE_-30.07.2025.pdf
AKINTOLA AKINSOJI TAJUDEEN,CLIENT ADVISOR,PURCHASE OF SHARES,"1,300",20.50,"July 30, 2025",1488,False,UCAP,2025-07-31T13:05:02Z,https://doclib.ngxgroup.com/Financial_NewsDocs/176_NOTICE_OF_INSIDER_DEALING-_PURCHASE-_AKINTOLA_AKINSOJI_TAJUDEEN_-30.07.2025.pdf
OGUNTOYE TOLU DAVID,Finance Controller,SALE OF SHARES,"82,372",19.88,"July 30, 2025",1483,False,UCAP,2025-07-31T12:45:03Z,https://doclib.ngxgroup.com/Financial_NewsDocs/176_NOTICE_OF_INSIDER_DEALING-_SALE-_OGUNTOYE_TOLU_DAVID_-30.07.2025.pdf
,Significant Shareholder,Sale of Shares,"6,314,116,229",31.00,"July 16, 2025",1579,False,FIRSTHOLDCO,2025-07-18T11:40:04Z,https://doclib.ngxgroup.com/Financial_NewsDocs/65_FirstHoldCo_-_Notification_of_Insider_Dealing_-_Barbican_Capital_Limited.pdf
,Employees Shares Award Scheme - Restricted Shares,Purchase,,,"June 2 – June 30, 2025",1592,False,ACCESSCORP,2025-07-02T12:15:03Z,https://doclib.ngxgroup.com/Financial_NewsDocs/239_NOTIFICATION_OF_INSIDER_DEALING_-_RSPP.pdf
,Employee of Aradel Holdings PLC (Financial,Purchase of Aradel shares,,,"June 27th, 2025",1418,False,ARADEL,2025-07-01T09:35:34Z,https://doclib.ngxgroup.com/Financial_NewsDocs/252_Notification_of_Share_Purchase__-_Oluwaseyi_Lawal_-_30.6.2025.pdf
,Employee of Aradel Holdings PLC (Financial,Purchase of Aradel shares,,,"June 27th, 2025",1405,False,ARADEL,2025-07-01T09:35:03Z,https://doclib.ngxgroup.com/Financial_NewsDocs/252_Notification_of_Share_Purchase_-_Tolulope_Sopelola_-_30.6.2025.pdf
OLAGOKE OLAKUNLE ANTHONY,Product Support,SALE OF SHARES,"3,004",19.30,"June 30, 2025",1483,False,UCAP,2025-07-01T08:15:04Z,https://doclib.ngxgroup.com/Financial_NewsDocs/176_NOTICE_OF_INSIDER_DEALING-_SALE-_OLAGOKE_OLAKUNLE_ANTHONY_-30.06.2025.pdf
OGUNTOYE TOLU DAVID,Financial Controller,PURCHASE OF SHARES,"40,000",19,"June 30, 2025",1483,False,UCAP,2025-07-01T08:05:04Z,https://doclib.ngxgroup.com/Financial_NewsDocs/176_NOTICE_OF_INSIDER_DEALING-_PURCHASE-_OGUNTOYE_TOLU_DAVID_-30.06.2025.pdf
UKWA MFONOBONG DANIEL,"Relative of Ukwa Uwe- Head, Payment Operations",PURCHASE OF SHARES,471,18.95,"June 30, 2025",1511,False,UCAP,2025-07-01T08:00:03Z,https://doclib.ngxgroup.com/Financial_NewsDocs/176_NOTICE_OF_INSIDER_DEALING-_PURCHASE-_UKWA_MFONOBONG_DANIEL_-30.06.2025.pdf
UKWA UWE,"Head, Payment Operations",PURCHASE OF SHARES,475,18.95,"June 30, 2025",1476,False,UCAP,2025-07-01T07:50:03Z,https://doclib.ngxgroup.com/Financial_NewsDocs/176_NOTICE_OF_INSIDER_DEALING-_PURCHASE-_UKWA_UWE_EDET_-30.06.2025.pdf
,,,,,,1,True,ZENITHBANK,2025-06-30T18:55:02Z,https://doclib.ngxgroup.com/Financial_NewsDocs/198_ZBPLC_Notification_of_Share_Dealing_Zenith_Staff_Provident_Fund_30625_2.pdf
,,,,,,1,True,ZENITHBANK,2025-06-30T18:45:03Z,https://doclib.ngxgroup.com/Financial_NewsDocs/198_ZBPLC_Notification_of_Share_Dealing_Zenith_Staff_Provident_Fund_30625.pdf
,,,,,,0,True,ZENITHBANK,2025-06-30T18:33:04Z,https://doclib.ngxgroup.com/Financial_NewsDocs/198_ZBPLC_Notification_of_Share_Dealing_Quantum_Zenith_Securities_Sales.pdf
,,,,,,0,True,ZENITHBANK,2025-06-27T17:15:03Z,https://doclib.ngxgroup.com/Financial_NewsDocs/198_ZBPLC_Notification_of_Share_Dealing_Zenith_Staff_Provident_Fund.pdf
Olumuyiwa Augustus Olumekun,Group Managing Director,Share Purchase,,,4/06/2025,1116,False,NAHCO,2025-06-27T17:10:02Z,https://doclib.ngxgroup.com/Financial_NewsDocs/114_NAHCO_PLC_-_Notification_of_Share_Dealing_by_Insider_-_OAO.pdf
Tajudeen Moyosola Shobayo,Non-Executive Director,Share Purchase,,,24/06/2025,1119,False,NAHCO,2025-06-27T17:05:03Z,https://doclib.ngxgroup.com/Financial_NewsDocs/114_NAHCO_PLC_-_Notification_of_Share_Dealing_by_Insider_-_TMS__-.pdf
ONYEMA AMAOBI JOSEPH,"Head, Enterprise Performance Management",SALE OF SHARES,"85,607",20.45,"June 26, 2025",1505,False,UCAP,2025-06-27T09:00:03Z,https://doclib.ngxgroup.com/Financial_NewsDocs/176_NOTICE_OF_INSIDER_DEALING-_SALE-_ONYEMA_AMAOBI_JOSEPH_-26.06.2025.pdf
ERURU LYNDA,Fund Accountant,SALE OF SHARES,"27,000",20.15,"June 26, 2025",1472,False,UCAP,2025-06-27T08:25:03Z,https://doclib.ngxgroup.com/Financial_NewsDocs/176_NOTICE_OF_INSIDER_DEALING-_SALE-_ERURU_LYNDA_-26.06.2025.pdf
AKISANYA PATRICK TITILOPE,Finance Officer,SALE OF SHARES,"9,000",19.85,"June 26, 2025",1484,False,UCAP,2025-06-27T08:17:41Z,https://doclib.ngxgroup.com/Financial_NewsDocs/176_NOTICE_OF_INSIDER_DEALING-_SALE-_AKISANYA_PATRICK_TITILOPE_-26.06.2025.pdf
AKINDELE AKINYEMI RICHARD,Director at Ucee MFB (Subsidiary),SALE OF SHARES,"200,602",19.50,"June 24, 2025",1506,False,UCAP,2025-06-25T17:35:02Z,https://doclib.ngxgroup.com/Financial_NewsDocs/176_NOTICE_OF_INSIDER_DEALING-_SALE-_AKINDELE_AKINYEMI_RICHARD_-25.06.2025.pdf
DAMILOLA BALIKIS JAJI,Trader,SALE OF SHARES,"102,689",19.40,"June 24, 2025",1475,False,UCAP,2025-06-25T17:30:04Z,https://doclib.ngxgroup.com/Financial_NewsDocs/176_NOTICE_OF_INSIDER_DEALING-_SALE-_DAMILOLA_BALIKIS_JAJI_-25.06.2025.pdf
DAMILOLA BALIKIS JAJI,Trader,PURCHASE OF SHARES,"89,985",19.50,"June 24, 2025",1477,False,UCAP,2025-06-25T17:15:03Z,https://doclib.ngxgroup.com/Financial_NewsDocs/176_NOTICE_OF_INSIDER_DEALING-_PURCHASE-_DAMILOLA_BALIKIS_JAJI_-25.06.2025.pdf
Olusola Peter Obabori,Executive Director,Share Purchase,,,19/06/2025,1110,False,NAHCO,2025-06-25T16:20:02Z,https://doclib.ngxgroup.com/Financial_NewsDocs/114_NAHCO_PLC_-_Notification_of_Share_Dealing_by_Insider_-_OPO.pdf
Tajudeen Moyosola Shobayo,Non-Executive Director,Share Purchase,,,17/06/2025,1113,False,NAHCO,2025-06-25T16:10:03Z,https://doclib.ngxgroup.com/Financial_NewsDocs/114_NAHCO_PLC_-_Notification_of_Share_Dealing_by_Insider_-_TMS_-.pdf
,Employee of Aradel Holdings PLC (Security Coordinator),Sale of Aradel shares,,,"June 17th, 2025",1406,False,ARADEL,2025-06-24T12:10:02Z,https://doclib.ngxgroup.com/Financial_NewsDocs/252_Notification_of_Insider_Dealing_-_Friday_Ogwu.pdf
,Connected person to employee of Aradel Holdings PLC,Purchase of Aradel shares,,,"June 20th, 2025",1393,False,ARADEL,2025-06-24T12:00:03Z,https://doclib.ngxgroup.com/Financial_NewsDocs/252_Notification_of_Insider_Dealing_-_Fopefoluwa_Taiwo_-_24.6.25.pdf
,Connected entity to an Employee of Aradel Holdings PLC,Purchase of Aradel shares,,,"June 17th, 2025",1402,False,ARADEL,2025-06-24T11:55:03Z,https://doclib.ngxgroup.com/Financial_NewsDocs/252_Notification_of_Insider_Dealing_-_Terosimo_Limited_2.pdf
Saheed Lasisi,Executive Director,Share Sale,,,18 - 19/06/2025,1138,False,NAHCO,2025-06-23T16:35:04Z,https://doclib.ngxgroup.com/Financial_NewsDocs/114_NAHCO_PLC_-_Notification_of_Share_Dealing_by_Insider_-_SL_(2).pdf
Willoughby Benedicta O.,Deputy Company Secretary,Sale,,,,2154,False,MTNN,2025-06-20T16:45:03Z,https://doclib.ngxgroup.com/Financial_NewsDocs/215_Notification_of_Share_Dealing-_Willoughby_Benedicta.pdf
,Employee of Aradel Holdings PLC,Purchase of Aradel shares,,,"May 19th, 2025",1293,False,ARADEL,2025-06-20T15:05:03Z,https://doclib.ngxgroup.com/Financial_NewsDocs/252_Notification_of_Dealing_-_Emmanuel_Jumbo_-_19.6.2025.pdf
,Employee of Aradel Holdings PLC,Purchase of Aradel shares,,,"June 16th, 2025",1378,False,ARADEL,2025-06-20T14:55:02Z,https://doclib.ngxgroup.com/Financial_NewsDocs/252_Notification_of_Insider_Dealing_-_Mildred_Nkemjika_-_19.6.2025.pdf
,"GM, Nile Delta/ Employee of Aradel Holdings PLC",Purchase of Aradel shares,,,"June 16th, 2025",1385,False,ARADEL,2025-06-20T14:45:02Z,https://doclib.ngxgroup.com/Financial_NewsDocs/252_Notification_of_Insider_Dealing_-_Babatunde_Odeyemi_-_19.6.2025.pdf
,Close family relative to an Insider of Aradel Holdings PLC,Purchase of Aradel shares,,,"June 19th, 2025",1406,False,ARADEL,2025-06-20T14:20:03Z,https://doclib.ngxgroup.com/Financial_NewsDocs/252_Notification_of_Dealing_-_Fiyinfoluwa_Taiwo_-20.06.2025.pdf
Tajudeen Moyosola Shobayo,Non-Executive Director,Share Purchase,,,10 - 16/06/2025,1119,False,NAHCO,2025-06-19T18:45:04Z,https://doclib.ngxgroup.com/Financial_NewsDocs/114_NAHCO_PLC_-_Notification_of_Share_Dealing_by_Insider_-_TMS-.pdf
,,,,,,0,True,ZENITHBANK,2025-06-19T09:40:03Z,https://doclib.ngxgroup.com/Financial_NewsDocs/198_QUANTUM_3.pdf
,,,,,,0,True,ZENITHBANK,2025-06-19T09:35:02Z,https://doclib.ngxgroup.com/Financial_NewsDocs/198_QUANTUM_2.pdf
,,,,,,0,True,ZENITHBANK,2025-06-19T09:30:02Z,https://doclib.ngxgroup.com/Financial_NewsDocs/198_QUANTUM_1.pdf
,,,,,,0,True,ZENITHBANK,2025-06-19T09:16:20Z,https://doclib.ngxgroup.com/Financial_NewsDocs/198_GMD.pdf
Henrietta Ugboh,Independent Non-Executive Director,Purchase of Shares,,,"June 10-11, 2025",1178,False,UBA,2025-06-18T12:20:04Z,https://doclib.ngxgroup.com/Financial_NewsDocs/175_Notification_Of_Share_Dealing_By_Insider_-_Henrietta_Ugboh.pdf
UNUIGBOJE RITA A,"Group Head, Operations",SALE OF SHARES,"10,000",19.50,"June 17, 2025",1484,False,UCAP,2025-06-18T09:05:02Z,https://doclib.ngxgroup.com/Financial_NewsDocs/176_NOTICE_OF_INSIDER_DEALING-_SALE-_UNUIGBOJE_RITA_-17.06.2025.docx.pdf
,Employee of Aradel Holdings PLC (Deputy General Counsel),Purchase of Aradel shares,,,"June 13th, 2025",1317,False,ARADEL,2025-06-17T10:10:02Z,https://doclib.ngxgroup.com/Financial_NewsDocs/252_Notification_of_Insider_Dealing_-_Dipo_Akinbode_-_17.6.2025.pdf
,Employee of Aradel Holdings PLC (Electrical Engineer),Purchase of Aradel shares,,,"June 13th, 2025",1321,False,ARADEL,2025-06-17T10:05:02Z,https://doclib.ngxgroup.com/Financial_NewsDocs/252_Notification_of_Insider_Dealing_-_Jonathan_Aighobahi_-_17.6.2025.pdf
,Connected entity to an Employee of Aradel Holdings PLC,Purchase of Aradel shares,,,"June 13th, 2025",1326,False,ARADEL,2025-06-17T09:55:03Z,https://doclib.ngxgroup.com/Financial_NewsDocs/252_Notification_of_Insider_Dealing_-_Terosimo_Limited_-_17.6.2025.pdf
,Employee of Aradel Holdings PLC (Media & Public Relations,Purchase of Aradel shares,,,"June 13th, 2025",1395,False,ARADEL,2025-06-17T09:35:02Z,https://doclib.ngxgroup.com/Financial_NewsDocs/252_Notification_of_Insider_Dealing_-_Victoria_Humprey_-_17.6.2025.pdf
Taofeeq Oluwatoyin Salman,Non-Executive Director,Share Purchase,,,19/05/2025,1112,False,NAHCO,2025-06-13T19:45:04Z,https://doclib.ngxgroup.com/Financial_NewsDocs/114_NAHCO_PLC_-_Notification_of_Share_Dealing_by_Insider_-_TOS.pdf
,Employee of Aradel Holdings PLC (Media & Public Relations,Purchase of Aradel shares,,,"June 10th, 2025",1389,False,ARADEL,2025-06-13T14:25:03Z,https://doclib.ngxgroup.com/Financial_NewsDocs/252_Notification_of_Insider_Dealing_-_Victoria_Humphrey_3.pdf
,Employee of Aradel Holdings PLC (HSE Supervisor),Purchase of Aradel shares,,,"May 27th, 2025",1308,False,ARADEL,2025-06-13T14:15:03Z,https://doclib.ngxgroup.com/Financial_NewsDocs/252_Notification_of_Dealing_-_Lateef_Raifu.pdf
,Employee of Aradel Holdings PLC (Deputy General Counsel),Purchase of Aradel shares,,,"June 11th, 2025",1319,False,ARADEL,2025-06-13T13:55:03Z,https://doclib.ngxgroup.com/Financial_NewsDocs/252_Notification_of_Dealing_-_Dipo_Akinbolu_-_4.pdf
,Employee of Aradel Holdings PLC (WRM Advisor),Purchase of Aradel shares,,,"June 11th, 2025",1313,False,ARADEL,2025-06-13T13:50:03Z,https://doclib.ngxgroup.com/Financial_NewsDocs/252_Notification_of_Dealing_-_Christopher_Arehia.pdf
,"GM, Nile Delta/ Employee of Aradel Holdings PLC",Purchase of Aradel shares,,,"June 11th, 2025",1311,False,ARADEL,2025-06-13T13:35:03Z,https://doclib.ngxgroup.com/Financial_NewsDocs/252_Notification_of_Dealing_-_Babatunde_Odeyemi_-_6.pdf
ALAYEROGUN AYODEJI OLADIPUPO,Customer Experience,PURCHASE OF SHARES,260,19.00,"June 11, 2025",1486,False,UCAP,2025-06-12T17:50:09Z,https://doclib.ngxgroup.com/Financial_NewsDocs/176_NOTICE_OF_INSIDER_DEALING-_PURCHASE-_ALAYEROGUN_AYODEJI_OLADIPUPO_-11.06.2025.pdf
,Employee of Aradel Holdings PLC (Financial,Purchase of Aradel shares,,,"June 5th, 2025",1416,False,ARADEL,2025-06-10T15:10:02Z,https://doclib.ngxgroup.com/Financial_NewsDocs/252_Notification_of_Share_Purchase_-_Oluwatosin_Ayandare_-_10.6.2025.pdf
,Employee of Aradel Holdings PLC (Senior Legal,Purchase of Aradel shares,,,"June 4th, 2025",1412,False,ARADEL,2025-06-10T14:55:04Z,https://doclib.ngxgroup.com/Financial_NewsDocs/252_Notification_of_Share_Purchase_-_Oyindamola_Oloniniyi_-_10.6.2025.pdf
NNOROM CHIDINMA MARGARET,"Relative of Director, Nnorom Emmanuel",SALE OF SHARES,"5,185",19.45,"June 5,2025",1437,False,UCAP,2025-06-10T07:46:03Z,https://doclib.ngxgroup.com/Financial_NewsDocs/176_NOTICE_OF_INSIDER_DEALING-SALE-NNOROM_CHIDINMA_MARGARET-05.06.2025.pdf
,Employee of Aradel Holdings PLC (Chief,Purchase of Aradel shares,,,"June 2nd to 3rd, 2025",1425,False,ARADEL,2025-06-06T17:20:02Z,https://doclib.ngxgroup.com/Financial_NewsDocs/252_Notification_of_Share_Purchase_-_Adegbola_Adesina_-_5.6.2025.pdf
,"GM, Nile Delta/ Employee of Aradel Holdings",Purchase of Aradel shares,,,"June 3rd - 4th, 2025",1391,False,ARADEL,2025-06-06T17:15:05Z,https://doclib.ngxgroup.com/Financial_NewsDocs/252_Notification_of_Share_Purchase_-_Babatunde_Odeyemi_-_5.pdf
,Employee,SALE OF SHARES,2083,396.00,30th May 2025,1010,False,BUAFOODS,2025-06-04T14:05:02Z,https://doclib.ngxgroup.com/Financial_NewsDocs/238_SHARES_DEALINGS_NOTIFICATION_30_MAY_2025.pdf
,NON-EXECUTIVE DIRECTOR,PURCHASE OF SHARES,"52,200",376.20,12th May 2025,1023,False,BUAFOODS,2025-06-04T13:00:03Z,https://doclib.ngxgroup.com/Financial_NewsDocs/238_SHARES_DEALINGS_NOTIFICATION_NO.2.pdf
ABIODUN OLUYEMI GLORIA,"Head, Retail- Western Region",PURCHASE OF SHARES,"9,200",19.40,"June 3, 2025",1491,False,UCAP,2025-06-03T16:00:35Z,https://doclib.ngxgroup.com/Financial_NewsDocs/176_NOTICE_OF_INSIDER_DEALING-_PURCHASE-_ABIODUN_OLUYEMI_GLORIA_-03.06.2025.pdf
Kolawole Ajimoko,Non-Executive Director of Oxygen X Finance Company,Sale,,,"May 28 - 29, 2025",1348,False,ACCESSCORP,2025-06-03T15:00:05Z,https://doclib.ngxgroup.com/Financial_NewsDocs/239_Insider_Dealing.pdf
Tobi Adeniyi,Managing Director,Purchase of shares in Unilever Nigeria,,,02 June 2025,1495,False,UNILEVER,2025-06-03T12:20:02Z,https://doclib.ngxgroup.com/Financial_NewsDocs/181_Directors_Share_Dealings_June_2025.pdf
"Tony Elumelu, CFR",Chairman of the Board,Purchase of Shares,,,"May 29 – May 30, 2025",2106,False,UBA,2025-06-02T16:35:02Z,"https://doclib.ngxgroup.com/Financial_NewsDocs/175_Notification_Of_Share_Dealing_By_Insider_-_Tony_Elumelu,_CFR.pdf"
FOLAHAN EZEKIEL ADEKUNLE,"Head, Trust Finance",SALE OF SHARES,"84,064",19.10,"June 2, 2025",1482,False,UCAP,2025-06-02T16:15:02Z,https://doclib.ngxgroup.com/Financial_NewsDocs/176_NOTICE_OF_INSIDER_DEALING-_SALE-_FOLAHAN_EZEKIEL_ADEKUNLE_-02.06.2025.pdf
,Close family relative to an Insider of Aradel,Purchase of Aradel shares,,,"May 29th, 2025",1414,False,ARADEL,2025-06-02T14:05:03Z,https://doclib.ngxgroup.com/Financial_NewsDocs/252_Notification_of_Share_Purchase__-_Adeleye_Falade_-_6.pdf
OCHELI SUNDAY ALISTAIR,Network Administrator,SALE OF SHARES,"5,843",19.10,"May 30, 2025",1480,False,UCAP,2025-05-31T10:15:07Z,https://doclib.ngxgroup.com/Financial_NewsDocs/176_NOTICE_OF_INSIDER_DEALING-_SALE-_OCHELI_SUNDAY_ALISTAIR_-30.05.2025.pdf
ADINGUPU AZUKA PAUL,Relationship Manager,SALE OF SHARES,"8,640",19.20,"May 29, 2025",1476,False,UCAP,2025-05-30T13:40:02Z,https://doclib.ngxgroup.com/Financial_NewsDocs/176_NOTICE_OF_INSIDER_DEALING-_SALE-_ADINGUPU_AZUKA_PAUL_-29.05.2025.pdf
,Non-Executive Director,Purchase,,,,1089,False,CUSTODIAN,2025-05-29T17:45:05Z,https://doclib.ngxgroup.com/Financial_NewsDocs/47_Directors_Share_Dealing_Notification_Olakunle_Ade-Ojo.pdf
Victor Abimbola Olaiya,Non-Executive Director,Share Purchase,,,26 - 28/05/2025,1126,False,NAHCO,2025-05-29T12:35:02Z,https://doclib.ngxgroup.com/Financial_NewsDocs/114_NAHCO_PLC_-_Notification_of_Share_Dealing_by_Insider_-_VO.pdf
,Executive Director,Purchase,,,,1089,False,CUSTODIAN,2025-05-29T12:10:02Z,https://doclib.ngxgroup.com/Financial_NewsDocs/47_Directors_Dealing_Notification_Adeniyi_Falade.pdf
,Employee of Aradel Holdings PLC (C&P,Purchase of Aradel shares,,,"May 6th – 14th, 2025",1409,False,ARADEL,2025-05-29T09:05:03Z,https://doclib.ngxgroup.com/Financial_NewsDocs/252_Notification_of_Share_Purchase_-_Chukwuma_Nkwodinmah_-_2.pdf
,Employee of Aradel Holdings PLC (Associate,Purchase of Aradel shares,,,"May 7th, 2025",1409,False,ARADEL,2025-05-29T08:55:02Z,https://doclib.ngxgroup.com/Financial_NewsDocs/252_Notification_of_Share_Purchase__-_Adefolaju_Adewumi_-_28.5.2025.pdf
Heirs Holdings Limited,Company founded by the Board Chairman,Purchase of Shares,,,"May 22 - 23, 2025",1089,False,UBA,2025-05-27T21:00:05Z,https://doclib.ngxgroup.com/Financial_NewsDocs/175_Notification_Of_Share_Dealing_By_Insider_-_Heirs_Holdings.pdf
FOYE GBOLAHAN,"Team Member, Investment Banking",SALE OF SHARES,"10,849",18.55,"May 26, 2025",1483,False,UCAP,2025-05-27T08:30:02Z,https://doclib.ngxgroup.com/Financial_NewsDocs/176_NOTICE_OF_INSIDER_DEALING-_SALE-_FOYE_GBOLAHAN_-26.05.2025.pdf
,Director,Purchase,,,,1196,False,CUSTODIAN,2025-05-26T17:15:02Z,https://doclib.ngxgroup.com/Financial_NewsDocs/47_Directors_Dealing_Notification_Olakunle_Ade-Ojo.pdf
,Employee of Aradel Holdings PLC (Gas Plant,Purchase of Aradel shares,,,"May 19th, 2025",1417,False,ARADEL,2025-05-26T08:15:03Z,https://doclib.ngxgroup.com/Financial_NewsDocs/252_Notification_of_Insider_Dealing_-_Oluwadamilola_Moronkeji_-_3.pdf
,Employee of Aradel Holdings PLC,Purchase of Aradel shares,,,"May 21st, 2025",1422,False,ARADEL,2025-05-26T08:05:02Z,https://doclib.ngxgroup.com/Financial_NewsDocs/252_Notification_of_Share_Dealing_-_Rita_Olarewaju_-_3.pdf
,Close family relative to an Insider of Aradel,Purchase of Aradel shares,,,"May 23rd, 2025",1412,False,ARADEL,2025-05-26T07:55:03Z,https://doclib.ngxgroup.com/Financial_NewsDocs/252_Notification_of_Share_Dealing_-_Adeleye_Falade__-_5.pdf
,,,,,,401,False,MTNN,2025-05-23T08:55:02Z,https://doclib.ngxgroup.com/Financial_NewsDocs/215_MTN_Nigeria_Communications_Plc_Share_Dealing_-_Mrs._Eyitope_Kola-Oyeneyin.pdf
ADINGUPU AZUKA PAUL,Relationship Manager,SALE OF SHARES,"50,000",18.60,"May 22, 2025",1478,False,UCAP,2025-05-23T08:00:05Z,https://doclib.ngxgroup.com/Financial_NewsDocs/176_NOTICE_OF_INSIDER_DEALING-_SALE-_ADINGUPU_AZUKA_PAUL_-22.05.2025.pdf
CHIDOZIE EDITH,Finance Supervisor,SALE OF SHARES,"250,000",18.64,"May 22, 2025",1473,False,UCAP,2025-05-23T07:55:08Z,https://doclib.ngxgroup.com/Financial_NewsDocs/176_NOTICE_OF_INSIDER_DEALING-_SALE-_CHIDOZIE_EDITH_-22.05.2025.pdf
FOLAHAN EZEKIEL ADEKUNLE,"Head, Trust Finance",SALE OF SHARES,"65,938",18.90,"May 21, 2025",1484,False,UCAP,2025-05-22T08:00:03Z,https://doclib.ngxgroup.com/Financial_NewsDocs/176_NOTICE_OF_INSIDER_DEALING-_SALE-_FOLAHAN_EZEKIEL_ADEKUNLE_-21.05.2025.pdf
AGWUMAFA OLUCHI,Direct Sales Agent,PURCHASE OF SHARES,100,18.90,"May 21, 2025",1470,False,UCAP,2025-05-22T07:55:04Z,https://doclib.ngxgroup.com/Financial_NewsDocs/176_NOTICE_OF_INSIDER_DEALING-_PURCHASE-_AGWUMAFA_OLUCHI_-21.05.2025.pdf
Raymond Chidubem Ugboh,Relative of an Independent Non-Executive Director,Purchase of Shares,,,"May 2, 2025",1125,False,UBA,2025-05-21T14:15:03Z,https://doclib.ngxgroup.com/Financial_NewsDocs/175_Notification_Of_Share_Dealing_By_Insider_-_UGBOH_RAYMOND_CHIDUBEM.pdf
,Relative of a Non-Executive Director of the Bank,Purchase of Shares,,,"May 15-16, 2025",1096,False,UBA,2025-05-19T15:50:02Z,https://doclib.ngxgroup.com/Financial_NewsDocs/175_Notification_Of_Share_Dealing_By_Insider_-_Nnorom_Florence_Ihuoma.pdf
,Employee of Aradel Holdings PLC (Gas Plant,Purchase of Aradel shares,,,"May 14th, 2025",1415,False,ARADEL,2025-05-19T12:25:03Z,https://doclib.ngxgroup.com/Financial_NewsDocs/252_Staff_Notification_of_Share_Purchase_-_Oluwadamilola_Moronkeji_-_2.pdf
,Employee of Aradel Holdings PLC (Associate,Purchase of Aradel shares,,,"May 13th, 2025",1404,False,ARADEL,2025-05-19T12:20:02Z,https://doclib.ngxgroup.com/Financial_NewsDocs/252_Staff_Notification_of_Share_Purchase_-Muazzam_Munir_-_19.5.2025.pdf
,Employee of Aradel Holdings PLC,Purchase of Aradel shares,,,"May 12th, 2025",1419,False,ARADEL,2025-05-19T12:10:04Z,https://doclib.ngxgroup.com/Financial_NewsDocs/252_Staff_Notification_of_Share_Purchase_-_Rita_Olarenwaju_-_19.5.2025.pdf
,"Director of Access Bank Plc, a subsidiary of Access",Purchase,,,"May 16, 2025",1327,False,ACCESSCORP,2025-05-19T10:10:02Z,https://doclib.ngxgroup.com/Financial_NewsDocs/239_NOTIFICATION_OF_INSIDER_DEALING_-_DR._OKEY_NWUKE.pdf
,Employee of Aradel Holdings PLC (Legal,Purchase of Aradel shares,,,"May 7th, 2025",1472,False,ARADEL,2025-05-19T09:05:02Z,https://doclib.ngxgroup.com/Financial_NewsDocs/252_Staff_Notification_of_Share_Purchase__-_Lucky_Okubor__-12.5.2025.pdf
NNOROM UCHECHUKWU AND CHIDINMA (JOINT ACCOUNT),Nnorom Uchechukwu is a Business Operations Performance,SALE OF SHARES,"30,000",18.30,"May 16,2025",1490,False,UCAP,2025-05-16T16:55:34Z,https://doclib.ngxgroup.com/Financial_NewsDocs/176_NOTICE_OF_INSIDER_DEALING-SALE-NNOROM_UCHECHUKWU_AND_CHIDINMA-16.05.2025.pdf
,Non-Executive Director/Chairman,Purchase of Shares,,,12th May 2025,1483,False,LEARNAFRCA,2025-05-15T16:40:02Z,https://doclib.ngxgroup.com/Financial_NewsDocs/98_Learn_Africa_Plc_-_Notification_of_Insider_Share_Dealing.pdf
,,,,,,384,False,MTNN,2025-05-14T17:30:03Z,https://doclib.ngxgroup.com/Financial_NewsDocs/215_Notifiaction_of_Share_dealing-_Ojeranti.pdf
,,,,,,384,False,MTNN,2025-05-14T17:25:02Z,https://doclib.ngxgroup.com/Financial_NewsDocs/215_Notification_of_share_dealing-_Karl_Toriola.pdf
CHIDOZIE EDITH,Finance Supervisor,SALE OF SHARES,"50,000",18.25,"May 14, 2025",1471,False,UCAP,2025-05-14T17:00:03Z,https://doclib.ngxgroup.com/Financial_NewsDocs/176_NOTICE_OF_INSIDER_DEALING-_SALE-_CHIDOZIE_EDITH_-14.05.2025.pdf
HOUESSINON PRISCILLA SENAME,"Team Member, Trade and Investment",PURCHASE OF SHARES,"50,703",17.90,"May 13, 2025",1503,False,UCAP,2025-05-14T08:15:02Z,https://doclib.ngxgroup.com/Financial_NewsDocs/176_NOTICE_OF_INSIDER_DEALING-_PURCHASE-_HOUESSINON_PRISCILLA_SENAME_-13.05.2025.pdf
AKINDELE AKINYEMI RICHARD,Director at Ucee MFB (Subsidiary),SALE OF SHARES,"89,000",18.10,"May 13, 2025",1497,False,UCAP,2025-05-14T08:05:02Z,https://doclib.ngxgroup.com/Financial_NewsDocs/176_NOTICE_OF_INSIDER_DEALING-_SALE-_AKINDELE_AKINYEMI_RICHARD_-13.05.2025.pdf
NNOROM FLORENCE IHUOMA,"Relative of Director, Nnorom Emmanuel",PURCHASE OF SHARES,"82,900",18.00,"May 13, 2025",1488,False,UCAP,2025-05-14T07:50:02Z,https://doclib.ngxgroup.com/Financial_NewsDocs/176_NOTICE_OF_INSIDER_DEALING-PURCHASE-NNOROM_FLORENCE_IHUOMA-13.05.2025.pdf
BADMUS MICHAEL KAYODE,"Team Lead, Operations",PURCHASE OF SHARES,"10,000",18.00,"May 13, 2025",1485,False,UCAP,2025-05-14T07:30:04Z,https://doclib.ngxgroup.com/Financial_NewsDocs/176_NOTICE_OF_INSIDER_DEALING-_PURCHASE-_BADMUS_MICHAEL_KAYODE_-13.05.2025.pdf
FOLAHAN EZEKIEL ADEKUNLE,"Head, Trust Finance",SALE OF SHARES,"100,000",18.10,"May 12, 2025",1486,False,UCAP,2025-05-13T08:10:03Z,https://doclib.ngxgroup.com/Financial_NewsDocs/176_NOTICE_OF_INSIDER_DEALING-_SALE-_FOLAHAN_EZEKIEL_ADEKUNLE_-12.05.2025.pdf
,Connected person to employee of Aradel Holdings,Purchase of Aradel shares,,,"May 8th, 2025",1417,False,ARADEL,2025-05-12T10:00:03Z,https://doclib.ngxgroup.com/Financial_NewsDocs/252_Notification_of_Insider_Dealing_-_Folafoluwa_Tairaoluwa_Taiwo_-_2.pdf
,Employee of Aradel Holdings PLC (Gas Plant Field,Purchase of Aradel shares,,,"May 5th, 2025",1415,False,ARADEL,2025-05-12T09:55:03Z,https://doclib.ngxgroup.com/Financial_NewsDocs/252_Notification_of_Insider_Dealing_-_Daniel_Ajarh_-_4.pdf
,Employee of Aradel Holdings PLC (Operations,Purchase of Aradel shares,,,"April 30th, 2025",1418,False,ARADEL,2025-05-12T09:45:02Z,https://doclib.ngxgroup.com/Financial_NewsDocs/252_Notification_of_Insider_Dealing_-_Henry_Inyang_-_4.pdf
,Employee of Aradel Holdings PLC (Deputy,Purchase of Aradel shares,,,"May 6th, 2025",1411,False,ARADEL,2025-05-12T09:40:02Z,https://doclib.ngxgroup.com/Financial_NewsDocs/252_Notification_of_Insider_Dealing_-_Dipo_Akinbode_-_3.pdf
,Employee of Aradel Holdings PLC,Purchase of Aradel shares,,,"May 6th, 2025",1421,False,ARADEL,2025-05-12T09:35:02Z,https://doclib.ngxgroup.com/Financial_NewsDocs/252_Notification_of_Insider_Dealing_-_Rita_Olarenwaju_-_7.5.2025.pdf
,Employee of Aradel Holdings PLC (Senior Legal,Purchase of Aradel shares,,,"May 5th, 2025",1400,False,ARADEL,2025-05-12T09:30:03Z,https://doclib.ngxgroup.com/Financial_NewsDocs/252_Notification_of_Insider_Dealing_-_Oyindamola_Oloniniyi_-_3.pdf
,Employee of Aradel Holdings PLC,Purchase of Aradel shares,,,"May 6th, 2025",1383,False,ARADEL,2025-05-12T09:25:02Z,https://doclib.ngxgroup.com/Financial_NewsDocs/252_Notification_of_Insider_Dealing_-_Oluwatosin_Ayandare_-_7.pdf
,Employee of Aradel Holdings PLC (Operations,Purchase of Aradel shares,,,"May 6th, 2025",1398,False,ARADEL,2025-05-12T09:20:02Z,https://doclib.ngxgroup.com/Financial_NewsDocs/252_Notification_of_Insider_Dealing_-_Henry_Inyang_2_-_7.5.2025.pdf
,Employee of Aradel Holdings PLC (Gas Plant,Purchase of Aradel shares,,,"May 2nd, 2025",1433,False,ARADEL,2025-05-12T09:10:02Z,https://doclib.ngxgroup.com/Financial_NewsDocs/252_Notification_of_Insider_Dealing_-_Oluwadamilola_Moronkeji_-_7.5.2025.pdf
,"GM, Nile Delta/ Employee of Aradel Holdings",Purchase of Aradel shares,,,"May 2nd, 2025",1398,False,ARADEL,2025-05-12T09:05:02Z,https://doclib.ngxgroup.com/Financial_NewsDocs/252_Notification_of_Insider_Dealing_-_Babatunde_Odeyemi_-_5.pdf
ATAM SAMUEL USHIE,Data Analyst at Ucee MFB (Subsidiary),SALE OF SHARES,"9,699",17.95,"May 9, 2025",1489,False,UCAP,2025-05-11T11:10:07Z,https://doclib.ngxgroup.com/Financial_NewsDocs/176_NOTICE_OF_INSIDER_DEALING-_SALE_-_ATAM_SAMUEL_USHIE_-_09.05.2025.pdf
Aisha Hassan Baba,Independent Non-Executive Director,Purchase of Shares,,,"May 6, 2025",1084,False,UBA,2025-05-09T15:45:03Z,https://doclib.ngxgroup.com/Financial_NewsDocs/175_Notification_Of_Share_Dealing_By_Insider_-_Aisha_Hassan_Baba.pdf
Alex Alozie,Executive Director of the Bank,Purchase of Shares,,,"May 6, 2025",1078,False,UBA,2025-05-09T15:30:03Z,https://doclib.ngxgroup.com/Financial_NewsDocs/175_Notification_Of_Share_Dealing_By_Insider_-_Alex_Alozie.pdf
Abdulqadir Bello,Non-Executive Director of the Bank,Purchase of Shares,,,"May 7, 2025",1087,False,UBA,2025-05-09T09:45:03Z,https://doclib.ngxgroup.com/Financial_NewsDocs/175_Notification_Of_Share_Dealing_By_Insider_-_Abdulqadir_Bello.pdf
Chiugo Ndubisi and Ifeoma Ndubisi,Board Advisor and Relative of Board Advisor,Purchase of Shares,,,"May 7, 2025",1158,False,UBA,2025-05-09T09:20:09Z,https://doclib.ngxgroup.com/Financial_NewsDocs/175_Notification_Of_Share_Dealing_By_Insider_-_Chiugo_Ndubisi_and_Ifeoma_Ndubusi.pdf
Saheed Lasisi,Executive Director,Share Sale,,,06/05/2025,1115,False,NAHCO,2025-05-08T18:45:04Z,https://doclib.ngxgroup.com/Financial_NewsDocs/114_NAHCO_PLC_-_Notification_of_Share_Dealing_by_Insider_-_PSL.pdf
OMOJUYIGBE SUNDAY TIMOTHY,Relative of staff Omojuyigbe Opeyemi- Head of Retail North,SALE OF SHARES,"30,000",18.05,"May 7, 2025",1520,False,UCAP,2025-05-07T16:15:02Z,https://doclib.ngxgroup.com/Financial_NewsDocs/176_NOTICE_OF_INSIDER_DEALING-_SALE-_OMOJUYIGBE_SUNDAY_TIMOTHY_-07.05.2025.pdf
Adeoye Rafiu Emiloju,Chief Financial Officer,Share Purchase,,,06/05/2025,1157,False,NAHCO,2025-05-07T11:30:03Z,https://doclib.ngxgroup.com/Financial_NewsDocs/114_NAHCO_PLC_-_Notification_of_Share_Dealing_by_Insider_-_AE.pdf
TITILOYE BOLANRINWA OLUWAFIKAYO,"Head, Institutional Trust",SALE OF SHARES,"295,407",17.85,"May 6, 2025",1495,False,UCAP,2025-05-07T07:50:07Z,https://doclib.ngxgroup.com/Financial_NewsDocs/176_NOTICE_OF_INSIDER_DEALING-_SALE-_TITILOYE_BOLANRINWA_OLUWAFIKAYO_-06.05.2025.pdf
UKWA MFONOBONG DANIEL,"Relative of Uwe Ukwa, Head, Payment Operations",PURCHASE OF SHARES,126,18.20,"May 5, 2025",1442,False,UCAP,2025-05-06T09:50:02Z,https://doclib.ngxgroup.com/Financial_NewsDocs/176_NOTICE_OF_INSIDER_DEALING-_PURCHASE-_UKWA_MFONOBONG_DANIEL_-_05.05.2025.pdf
UKWA UWE EDET,"Head, Payment Operations",PURCHASE OF SHARES,340,18.25,"May 5, 2025",1472,False,UCAP,2025-05-06T09:45:03Z,https://doclib.ngxgroup.com/Financial_NewsDocs/176_NOTICE_OF_INSIDER_DEALING-_PURCHASE-_UKWA_UWE_EDET_-05.05.2025.pdf
UNUIGBOJE RITA,"Group Head, Operations",PURCHASE OF SHARES,"9,850",18.15,"May 5, 2025",1477,False,UCAP,2025-05-06T08:15:08Z,https://doclib.ngxgroup.com/Financial_NewsDocs/176_NOTICE_OF_INSIDER_DEALING-_PURCHASE-_UNUIGBOJE_RITA_-05.05.2025.pdf
NNOROM UCHECHUKWU HENRY,Business Operations Performance Associate,SALE OF SHARES,"73,250",19.05,"May 2,2025",1442,False,UCAP,2025-05-05T16:35:04Z,https://doclib.ngxgroup.com/Financial_NewsDocs/176_NOTICE_OF_INSIDER_DEALING-_SALE-_NNOROM_UCHECHUKWU_HENRY_-05.05.2025.pdf
NNOROM EMMANUEL NWABUIKWU,"Relative of Director, Nnorom Emmanuel",SALE OF SHARES,"5,000",19.10,"May 2, 2025",1497,False,UCAP,2025-05-05T16:00:02Z,https://doclib.ngxgroup.com/Financial_NewsDocs/176_NOTICE_OF_INSIDER_DEALING-_SALE-_EMMANUEL_NWABUIKWU_-05.05.2025.pdf
IJEOMA ONYEMA KAREN,Financial Controller,SALE OF SHARES,"25,000",19.10,"May 2, 2025",1476,False,UCAP,2025-05-05T15:55:02Z,https://doclib.ngxgroup.com/Financial_NewsDocs/176_NOTICE_OF_INSIDER_DEALING-_SALE-_IJEOMA_ONYEMA_KAREN_-05.05.2025.pdf
NNOROM CHIMAMANDA FLORENCE,"Relative of Director, Nnorom Emmanuel",PURCHASE OF SHARES,"3,400",19.50,"May 2, 2025",1488,False,UCAP,2025-05-05T15:50:02Z,https://doclib.ngxgroup.com/Financial_NewsDocs/176_NOTICE_OF_INSIDER_DEALING-PURCHASE-NNOROM_CHIMAMANDA_FLORENCE-05.05.2025.pdf
NNOROM MMESOMACHI OLIVIA,"Relative of Director, Nnorom Emmanuel",PURCHASE OF SHARES,"3,400",19.50,"May 2, 2024",1442,False,UCAP,2025-05-05T15:45:33Z,https://doclib.ngxgroup.com/Financial_NewsDocs/176_NOTICE_OF_INSIDER_DEALING-_PURCHASE-_NNOROM_MMESOMACHI_OLIVIA-05.05.2025.pdf
NNOROM CHINWE PRINCESS,"Relative of Director, Nnorom Emmanuel",PURCHASE OF SHARES,"3,400",19.50,"May 2, 2025",1483,False,UCAP,2025-05-05T15:45:02Z,https://doclib.ngxgroup.com/Financial_NewsDocs/176_NOTICE_OF_INSIDER_DEALING-PURCHASE-NNOROM_CHINWE_PRINCESS_-05.05.2025.pdf
VINE FOODS LIMITED,Business owned by the Group Chief Executive Officer- Peter,PURCHASE OF SHARES,"5,000",19.10,"May 2, 2025",1523,False,UCAP,2025-05-05T15:40:02Z,https://doclib.ngxgroup.com/Financial_NewsDocs/176_NOTICE_OF_INSIDER_DEALING-_PURCHASE-_VINE_FOODS_LIMITED_-05.05.2025.pdf
Nnorom Miracle Chukwuemeka,Relative of a Non-Executive Director of the Bank,Purchase of Shares,,,"April 28 – April 29, 2025",1109,False,UBA,2025-04-30T16:23:34Z,https://doclib.ngxgroup.com/Financial_NewsDocs/175_Notification_Of_Share_Dealing_By_Insider_-_Nnorom_Miracle_Chukwuemeka.pdf
Angela Aneke,Independent Non-Executive Director,Purchase of Shares,,,"April 29 – April 30, 2025",1087,False,UBA,2025-04-30T16:20:02Z,https://doclib.ngxgroup.com/Financial_NewsDocs/175_Notification_Of_Share_Dealing_By_Insider_-_Angela_Aneke.pdf
Vine Foods Limited,Related party to a Non-Executive Director –,Purchase of Shares,,,"June 01, 2026",1455,False,UBA,2025-04-30T16:16:03Z,https://doclib.ngxgroup.com/Financial_NewsDocs/175_Notification_Of_Share_Dealing_By_Insider_-_Vine_Foods_Limited.pdf
Remawa Bello,"General Manager, Network Performance & Quality Assurance",Vesting of Shares,,,,2161,False,MTNN,2025-04-24T15:46:02Z,https://doclib.ngxgroup.com/Financial_NewsDocs/215_Notification_of_Shared_Dealings-Remawa_Bello.pdf
Opeoluwa-Caleb Ajibola,"General Manager, HR Operations",Vesting of Shares,,,,2142,False,MTNN,2025-04-24T15:40:02Z,https://doclib.ngxgroup.com/Financial_NewsDocs/215_Notification_of_Shared_Dealings-_Opeoluwa.pdf
Eru Omuaro,"Manager, Planning & Forecasting",Vesting of Shares,,,,2129,False,MTNN,2025-04-24T15:25:02Z,https://doclib.ngxgroup.com/Financial_NewsDocs/215_Notification_of_Share_Dealing-_Omuaro.pdf
Ojutalayo Omotayo,"General Manager, Business Development",Vesting of Shares,,,,2144,False,MTNN,2025-04-24T15:20:02Z,https://doclib.ngxgroup.com/Financial_NewsDocs/215_Notification_Of_Share_Dealing-_Ojutalayo.pdf
Nwaokoma Chimaobi,"Senior Manager, Investor Relations",Vesting of Shares,,,,2142,False,MTNN,2025-04-24T15:11:05Z,https://doclib.ngxgroup.com/Financial_NewsDocs/215_Notification_of_Share_Dealing-_Chimaobi.pdf
Oyewo Johnson,"Senior Manager, Regulatory Affairs",Vesting of Shares,,,,2142,False,MTNN,2025-04-24T15:10:03Z,https://doclib.ngxgroup.com/Financial_NewsDocs/215_Notification_of_Share_Dealing_by_Insiders-Oyewo.pdf
Michael-Nwadu Omolara,Chief Financial Officer (MoMo PSB),Vesting of Shares,,,,2911,False,MTNN,2025-04-24T15:00:03Z,https://doclib.ngxgroup.com/Financial_NewsDocs/215_Notification_of_Share_Dealing_by_Insiders-Michael-Nwadu.pdf
Olaniyan Ademola,"Senior Manager, Financial Reporting",Vesting of Shares,,,,2141,False,MTNN,2025-04-24T14:55:03Z,https://doclib.ngxgroup.com/Financial_NewsDocs/215_Notification_of_Share_Dealing_by_Insiders-_Olaniyan.pdf
Ogunsola Olusegun Samson,"Manager, Treasury Operations",Vesting of Shares,,,,2147,False,MTNN,2025-04-24T14:50:02Z,https://doclib.ngxgroup.com/Financial_NewsDocs/215_Notification_of_Share_Dealing_by_Insiders-_Ogunsola.pdf
Alli Mubarak,"Accountant, Financial Analysis",Vesting of Shares,,,,2131,False,MTNN,2025-04-24T14:45:02Z,https://doclib.ngxgroup.com/Financial_NewsDocs/215_Notification_of_Share_Dealing-_Alli_Mubarak.pdf
Adisa Adekemi,"General Manager, Sustainabilty & Shared Value",Vesting of Shares,,,,2151,False,MTNN,2025-04-24T14:40:02Z,https://doclib.ngxgroup.com/Financial_NewsDocs/215_Notification_of_Share_Dealing-_Adisa_Adekemi.pdf
,,,,,,399,False,MTNN,2025-04-24T14:35:02Z,https://doclib.ngxgroup.com/Financial_NewsDocs/215_Notification_of_Share_Dealing_-_Omowa_Justina.pdf
Ibekwe Oluchi,"Manager, Investor Relations",Vesting of Shares,,,,2166,False,MTNN,2025-04-24T14:25:02Z,https://doclib.ngxgroup.com/Financial_NewsDocs/215_Notification_of_Share_Dealing_-_Oluchi_Ibekwe.pdf
Okangbe Michael,"Analyst, Revenue Assurance",Vesting of Shares,,,,2164,False,MTNN,2025-04-24T14:20:02Z,https://doclib.ngxgroup.com/Financial_NewsDocs/215_Notification_of_Share_Dealing_-_Okangbe_Michael.pdf
Ngozi Eze,"Analyst, Revenue Assurance",Vesting of Shares,,,,2108,False,MTNN,2025-04-24T14:15:02Z,https://doclib.ngxgroup.com/Financial_NewsDocs/215_Notification_of_Share_Dealing_-_Ngozi_Eze.pdf
Gladys Osaele,"Manager, Business Assurance Change Management",Vesting of Shares,,,,2132,False,MTNN,2025-04-24T14:00:35Z,https://doclib.ngxgroup.com/Financial_NewsDocs/215_Notification_of_Share_Dealing_-_Gladys_Osaele.pdf
Kulajolu George,"Accountant, Financial Planning",Vesting of Shares,,,,2171,False,MTNN,2025-04-24T14:00:03Z,https://doclib.ngxgroup.com/Financial_NewsDocs/215_Notification_of_Share_Dealing_-_George_Kulajolu.pdf
Diana Popoola,Finance Manager,Vesting of Shares,,,,2101,False,MTNN,2025-04-24T13:50:02Z,https://doclib.ngxgroup.com/Financial_NewsDocs/215_Notification_of_Share_Dealing_-_Diana_Popoola.pdf
Ogunjana Bukola,"Officer, Finance Operations",Vesting of Shares,,,,2165,False,MTNN,2025-04-24T13:40:33Z,https://doclib.ngxgroup.com/Financial_NewsDocs/215_Notification_of_Share_Dealing_-_Bukola_Ogunjana.pdf
Adewunmi Samuel,"Accountant, Financial Operations",Vesting of Shares,,,,2171,False,MTNN,2025-04-24T13:40:02Z,https://doclib.ngxgroup.com/Financial_NewsDocs/215_Notification_of_Share_Dealing_-_Adewunmi_Samuel.pdf
Adewale Ajao,"Manager, Logistics and Warehouse",Vesting of Shares,,,,2117,False,MTNN,2025-04-24T13:15:02Z,https://doclib.ngxgroup.com/Financial_NewsDocs/215_Notification_of_Share_Dealing_-_Adewale_Ajao.pdf
Wuraola Durowoju,"Manager, Financial Planning",Vesting of Shares,,,,2117,False,MTNN,2025-04-24T13:00:04Z,https://doclib.ngxgroup.com/Financial_NewsDocs/215_Notification_of_Share_Dealing_-__Wuraola_Durowoju.pdf
Okpaire Raphael,"Officer, Finance Operations",Vesting of Shares,,,,2116,False,MTNN,2025-04-24T12:55:02Z,https://doclib.ngxgroup.com/Financial_NewsDocs/215_Notification_of_Share_Dealing_-__Raphael_Okpaire_.pdf
Osarugue Okundaye,"Administrator, Company Secretariat",Vesting of Shares,,,,2125,False,MTNN,2025-04-24T12:50:33Z,https://doclib.ngxgroup.com/Financial_NewsDocs/215_Notification_of_Share_Dealing_-__Osarugue_Okundaye.pdf
Oluwole Kolawole,"Officer, Finance Operations",Vesting of Shares,,,,2115,False,MTNN,2025-04-24T12:50:02Z,https://doclib.ngxgroup.com/Financial_NewsDocs/215_Notification_of_Share_Dealing_-__Oluwole_Kolawole.pdf
Odunayo Adefabi,"Senior Analyst, Financial Systems Integration",Vesting of Shares,,,,2134,False,MTNN,2025-04-24T12:45:02Z,https://doclib.ngxgroup.com/Financial_NewsDocs/215_Notification_of_Share_Dealing_-__Odunayo_Adefabi_.pdf
Linda Nnabue,"Manager, Budget and Financial Control",Vesting of Shares,,,,2123,False,MTNN,2025-04-24T12:40:35Z,https://doclib.ngxgroup.com/Financial_NewsDocs/215_Notification_of_Share_Dealing_-__Linda_Nnabue.pdf
Jimoh Adeyemi,"Manager, Subscriber Fraud",Vesting of Shares,,,,2112,False,MTNN,2025-04-24T12:40:04Z,https://doclib.ngxgroup.com/Financial_NewsDocs/215_Notification_of_Share_Dealing_-__Jimoh_Adeyemi.pdf
Ifeoluwa Adeniran,"Analyst, Financial Operations",Vesting of Shares,,,,2120,False,MTNN,2025-04-24T12:30:03Z,https://doclib.ngxgroup.com/Financial_NewsDocs/215_Notification_of_Share_Dealing_-__Ifeoluwa_Adeniran_.pdf
Eniola Adeniseun,"Officer, Finance Operations",Vesting of Shares,,,,2115,False,MTNN,2025-04-24T12:25:03Z,https://doclib.ngxgroup.com/Financial_NewsDocs/215_Notification_of_Share_Dealing_-__Eniola_Adeniseun.pdf
Echi Igwe,"Advisor, Banking Services",Vesting of Shares,,,,2108,False,MTNN,2025-04-24T12:20:02Z,https://doclib.ngxgroup.com/Financial_NewsDocs/215_Notification_of_Share_Dealing_-__Echi_Igwe.pdf
Adewale Akinleye,"Manager, Business Assurance",Vesting of Shares,,,,2115,False,MTNN,2025-04-24T12:10:03Z,https://doclib.ngxgroup.com/Financial_NewsDocs/215_Notification_of_Share_Dealing_-__Adewale_Akinyele.pdf
,Relative of a Non-Executive Director of the Bank,Purchase of Shares,,,"March 26 – March 27, 2025",1111,False,UBA,2025-04-01T16:55:36Z,https://doclib.ngxgroup.com/Financial_NewsDocs/175_Notification_Of_Share_Dealing_By_Insider_-_Nnorom_Innocent_Ebubechukwu.pdf
,,,,,,384,False,MTNN,2025-03-29T15:40:02Z,https://doclib.ngxgroup.com/Financial_NewsDocs/215_Notification_Of_Shared_Dealings-_Omodara.pdf
,,,,,,384,False,MTNN,2025-03-29T15:35:34Z,https://doclib.ngxgroup.com/Financial_NewsDocs/215_Notification_Of_Shared_Dealings-_Odufisan.pdf
,,,,,,384,False,MTNN,2025-03-29T15:35:02Z,https://doclib.ngxgroup.com/Financial_NewsDocs/215_Notification_of_Shared_Dealings-_Odebunmi.pdf
,,,,,,384,False,MTNN,2025-03-29T15:20:02Z,https://doclib.ngxgroup.com/Financial_NewsDocs/215_Notification_of_Shared_Dealings-_Kadri.pdf
,,,,,,388,False,MTNN,2025-03-29T15:15:34Z,https://doclib.ngxgroup.com/Financial_NewsDocs/215_Notification_of_Share_Dealing_by_Insiders-AJEWOLE.pdf
,,,,,,388,False,MTNN,2025-03-29T15:15:03Z,https://doclib.ngxgroup.com/Financial_NewsDocs/215_Notification_of_Share_Dealing_by_Insiders-_Ukpanah.pdf
,,,,,,388,False,MTNN,2025-03-29T15:10:33Z,https://doclib.ngxgroup.com/Financial_NewsDocs/215_Notification_of_Share_Dealing_by_Insiders-_Shonubi.pdf
,,,,,,388,False,MTNN,2025-03-29T15:10:02Z,https://doclib.ngxgroup.com/Financial_NewsDocs/215_Notification_of_Share_Dealing_by_Insiders-_Sanya.pdf
,,,,,,388,False,MTNN,2025-03-29T15:05:33Z,https://doclib.ngxgroup.com/Financial_NewsDocs/215_Notification_of_Share_Dealing_by_Insiders-_Ogoro.pdf
,,,,,,388,False,MTNN,2025-03-29T15:05:02Z,https://doclib.ngxgroup.com/Financial_NewsDocs/215_Notification_of_Share_Dealing_by_Insiders-_Jegede.pdf
,,,,,,388,False,MTNN,2025-03-29T15:00:34Z,https://doclib.ngxgroup.com/Financial_NewsDocs/215_Notification_of_Share_Dealing_by_Insiders-_Inino.pdf
,,,,,,386,False,MTNN,2025-03-29T15:00:03Z,https://doclib.ngxgroup.com/Financial_NewsDocs/215_Notification_of_Share_Dealing_by_Insiders-_Etea.pdf
,,,,,,397,False,MTNN,2025-03-29T14:55:02Z,https://doclib.ngxgroup.com/Financial_NewsDocs/215_Notification_of_Share_Dealing_by_Insiders-_Akinola.pdf
,,,,,,382,False,MTNN,2025-03-29T14:50:02Z,https://doclib.ngxgroup.com/Financial_NewsDocs/215_Notification_of_Share_Dealing_by_Insider-_Ugboajah_Victor.pdf
,,,,,,386,False,MTNN,2025-03-29T14:35:02Z,https://doclib.ngxgroup.com/Financial_NewsDocs/215_Notification_of_Share_Dealing_by_Insider-_Ibrahim_Yahaya.pdf
,,,,,,386,False,MTNN,2025-03-29T14:30:03Z,https://doclib.ngxgroup.com/Financial_NewsDocs/215_Notification_of_Share_Dealing_by_Insider-_Dada_Olubukonla.pdf
,,,,,,382,False,MTNN,2025-03-29T14:26:11Z,https://doclib.ngxgroup.com/Financial_NewsDocs/215_Notification_of_Share_Dealing_by_Insider-_Ugbekile_Friday.pdf
,,,,,,386,False,MTNN,2025-03-29T14:25:03Z,https://doclib.ngxgroup.com/Financial_NewsDocs/215_Notification_of_Share_Dealing_by_Insider-_Oyerinde_Moses.pdf
,,,,,,386,False,MTNN,2025-03-29T14:21:06Z,https://doclib.ngxgroup.com/Financial_NewsDocs/215_Notification_of_Share_Dealing_by_Insider-_Osazuwa_Inyang.pdf
,,,,,,382,False,MTNN,2025-03-29T14:20:34Z,https://doclib.ngxgroup.com/Financial_NewsDocs/215_Notification_of_Share_Dealing_by_Insider-_Okon_Uko.pdf
,,,,,,384,False,MTNN,2025-03-29T14:20:02Z,https://doclib.ngxgroup.com/Financial_NewsDocs/215_Notification_of_Share_Dealing_by_Insider-_Oduntan_Adeola.pdf
,,,,,,386,False,MTNN,2025-03-29T14:15:34Z,https://doclib.ngxgroup.com/Financial_NewsDocs/215_Notification_of_Share_Dealing_by_Insider-_Folaji_Irene.pdf
,,,,,,382,False,MTNN,2025-03-29T14:15:02Z,https://doclib.ngxgroup.com/Financial_NewsDocs/215_Notification_of_Share_Dealing_by_Insider-_Chukwuemeka_Cosmas.pdf
,,,,,,386,False,MTNN,2025-03-29T14:10:33Z,https://doclib.ngxgroup.com/Financial_NewsDocs/215_Notification_of_Share_Dealing_by_Insider-_Badru_Saidat.pdf
,,,,,,386,False,MTNN,2025-03-29T14:10:02Z,https://doclib.ngxgroup.com/Financial_NewsDocs/215_Notification_of_Share_Dealing_by_Insider-_Adeleye_Oluyemisi.pdf
,,,,,,382,False,MTNN,2025-03-29T14:05:34Z,https://doclib.ngxgroup.com/Financial_NewsDocs/215_Notification_of_Share_Dealing_by_Insider-_Adeboye_Adenuga.pdf
,,,,,,382,False,MTNN,2025-03-29T14:05:02Z,https://doclib.ngxgroup.com/Financial_NewsDocs/215_Notification_of_Share_Dealing_-_Temisanren_Jemide.pdf
,,,,,,382,False,MTNN,2025-03-29T14:00:03Z,https://doclib.ngxgroup.com/Financial_NewsDocs/215_Notification_of_Share_Dealing_-_Patience_Maduawusu.pdf
,,,,,,382,False,MTNN,2025-03-29T13:45:03Z,https://doclib.ngxgroup.com/Financial_NewsDocs/215_Notification_of_Share_Dealing_-_Osebi_Ufot.pdf
,,,,,,382,False,MTNN,2025-03-29T13:40:02Z,https://doclib.ngxgroup.com/Financial_NewsDocs/215_Notification_of_Share_Dealing_-_Omobude_Silvanus.pdf
,,,,,,382,False,MTNN,2025-03-29T13:35:02Z,https://doclib.ngxgroup.com/Financial_NewsDocs/215_Notification_of_Share_Dealing_-_Kolapo_Olaleye.pdf
,,,,,,382,False,MTNN,2025-03-29T13:30:04Z,https://doclib.ngxgroup.com/Financial_NewsDocs/215_Notification_of_Share_Dealing_-_Esosa_Balogun.pdf
,,,,,,364,False,MTNN,2025-03-29T13:15:02Z,https://doclib.ngxgroup.com/Financial_NewsDocs/215_Notification_of_Share_Dealing_-_Chima_Nwuta.pdf
,Independent Non-Executive Director,Purchase of shares by Mr. Babs Omotowa,,,,2524,False,SEPLAT,2025-03-28T15:56:28Z,https://doclib.ngxgroup.com/Financial_NewsDocs/43491_SEPLAT_ENERGY_PLC-NOTIFICATION_OF_SHARE_DEALING_BY_PDMR__CORPORATE_ACTIONS_MARCH_2025.pdf
ONOJA EMMANUEL UNEKWU,Senior Strategy Officer at Ucee MFB (Subsidiary),SALE OF SHARES,"151,000",16.75,"March 27, 2025",1514,False,UCAP,2025-03-28T11:55:34Z,https://doclib.ngxgroup.com/Financial_NewsDocs/176_NOTICE_OF_INSIDER_DEALING-_SALE-_ONOJA_EMMANUEL_UNEKWU_-27.03.2025.pdf
OLAGOKE OLAKUNLE ANTHONY,IT Product Support,PURCHASE OF SHARES,"1,208",16.45,"March 27, 2025",1487,False,UCAP,2025-03-28T11:55:02Z,https://doclib.ngxgroup.com/Financial_NewsDocs/176_NOTICE_OF_INSIDER_DEALING-_PURCHASE-_OLAGOKE_OLAKUNLE_ANTHONY_-27.03.2025.pdf
IWUALA ONYINYECHI DIVINE,Operation Analyst at Ucee MFB (Subsidiary),PURCHASE OF SHARES,"1,807",16.50,"March 27, 2025",1511,False,UCAP,2025-03-28T11:50:02Z,https://doclib.ngxgroup.com/Financial_NewsDocs/176_NOTICE_OF_INSIDER_DEALING-_PURCHASE-_IWUALA_ONYINYECHI_DIVINE_-27.03.2025.pdf
ATAM SAMUEL USHIE,Data Analyst at Ucee MFB (Subsidiary),PURCHASE OF SHARES,"293,240",16.95,"March 26, 2025",1503,False,UCAP,2025-03-26T17:10:34Z,https://doclib.ngxgroup.com/Financial_NewsDocs/176_NOTICE_OF_INSIDER_DEALING-_PURCHASE-_ATAM_SAMUEL_USHIE_-26.03.2025.pdf
EZE CHIMA ANTHONY,Data Analyst,PURCHASE OF SHARES,"40,825",16.90,"March 26, 2025",1476,False,UCAP,2025-03-26T17:10:03Z,https://doclib.ngxgroup.com/Financial_NewsDocs/176_NOTICE_OF_INSIDER_DEALING-_PURCHASE-_EZE_CHIMA_ANTHONY_-26.03.2025.pdf
EZE CHIMA ANTHONY,Data Analyst,PURCHASE OF SHARES,"28,408",17.00,"March 25, 2025",1476,False,UCAP,2025-03-26T16:50:02Z,https://doclib.ngxgroup.com/Financial_NewsDocs/176_NOTICE_OF_INSIDER_DEALING-_PURCHASE-_EZE_CHIMA_ANTHONY_-25.03.2025.pdf
MICHAEL-OBI DORIS OBIAGELI,"Head, Business Development",PURCHASE OF SHARES,"6,500",16.60,"March 25, 2025",1497,False,UCAP,2025-03-26T16:35:03Z,https://doclib.ngxgroup.com/Financial_NewsDocs/176_NOTICE_OF_INSIDER_DEALING-_PURCHASE-_MICHAEL-OBI_DORIS_OBIAGELI_-25.03.2025.pdf
OLAGOKE OLAKUNLE ANTHONY,IT Product Support,PURCHASE OF SHARES,"1,796",16.60,"March 25, 2025",1487,False,UCAP,2025-03-26T16:30:03Z,https://doclib.ngxgroup.com/Financial_NewsDocs/176_NOTICE_OF_INSIDER_DEALING-_PURCHASE-_OLAGOKE_OLAKUNLE_ANTHONY_-25.03.2025.pdf
AGU NKEOMA JANET,"Team Member, Customer Experience",PURCHASE OF SHARES,"2,391",16.67,"March 25, 2025",1493,False,UCAP,2025-03-26T16:25:02Z,https://doclib.ngxgroup.com/Financial_NewsDocs/176_NOTICE_OF_INSIDER_DEALING-_PURCHASE-_AGU_NKEOMA_JANET_-25.03.2025.pdf
IWUALA ONYINYECHI DIVINE,Operation Analyst at Ucee MFB (Subsidiary),PURCHASE OF SHARES,"2,993",16.60,"March 25, 2025",1511,False,UCAP,2025-03-26T16:20:03Z,https://doclib.ngxgroup.com/Financial_NewsDocs/176_NOTICE_OF_INSIDER_DEALING-_PURCHASE-_IWUALA_ONYINYECHI_DIVINE_-25.03.2025.pdf
OKE YETUNDE OLOLADE,Collection and Recovery Officer at Ucee MFB (Subsidiary),PURCHASE OF SHARES,"1,000",16.95,"March 25, 2025",1520,False,UCAP,2025-03-26T16:15:05Z,https://doclib.ngxgroup.com/Financial_NewsDocs/176_NOTICE_OF_INSIDER_DEALING-_PURCHASE-_OKE_YETUNDE_OLOLADE_-25.03.2025.pdf
ONOJA EMMANUEL UNEKWU,Senior Strategy Officer at Ucee MFB (Subsidiary),SALE OF SHARES,"16,003",17.65,"March 24, 2025",1512,False,UCAP,2025-03-25T12:20:02Z,https://doclib.ngxgroup.com/Financial_NewsDocs/176_NOTICE_OF_INSIDER_DEALING-_SALE-_ONOJA_EMMANUEL_UNEKWU_-24.03.2025.pdf
HOUESSINON PRISCILLA SENAME,"Team Member, Trade and Investment",PURCHASE OF SHARES,"8,360",17.79,"March 24, 2025",1505,False,UCAP,2025-03-25T12:10:04Z,https://doclib.ngxgroup.com/Financial_NewsDocs/176_NOTICE_OF_INSIDER_DEALING-_PURCHASE-_HOUESSINON_PRISCILLA_SENAME_-24.03.2025.pdf
TONY-OKONTA EKENE,Portfolio Analyst,SALE OF SHARES,"3,000",18.20,"March 21, 2025",1475,False,UCAP,2025-03-24T08:30:03Z,https://doclib.ngxgroup.com/Financial_NewsDocs/176_NOTICE_OF_INSIDER_DEALING_-_SALE_-_TONY_-_OKONTA_EKENE_-_21.03.2025.pdf
OMOTAYO DAMILOLA VICTOR,"Team Lead, Investment Operations & Settlement",SALE OF SHARES,"79,500",18.10,"March 20, 2025",1511,False,UCAP,2025-03-21T07:35:02Z,https://doclib.ngxgroup.com/Financial_NewsDocs/176_NOTICE_OF_INSIDER_DEALING-_SALE-_OMOTAYO_DAMILOLA_VICTOR_-20.03.2025.pdf
CHIDOZIE EDITH O.,Finance Supervisor,SALE OF SHARES,"32,440",18.20,"March 20, 2025",1478,False,UCAP,2025-03-21T07:30:39Z,https://doclib.ngxgroup.com/Financial_NewsDocs/176_NOTICE_OF_INSIDER_DEALING-_SALE-_CHIDOZIE_EDITH_O._-20.03.2025.pdf
HOUESSINON PRISCILLA SENAME,"Team Member, Trade and Investment",PURCHASE OF SHARES,"5,498",18.07,"March 20, 2025",1505,False,UCAP,2025-03-21T07:30:08Z,https://doclib.ngxgroup.com/Financial_NewsDocs/176_NOTICE_OF_INSIDER_DEALING-_PURCHASE-_HOUESSINON_PRISCILLA_SENAME_-20.03.2025.pdf
OTUSANYA TAIWO NIYI,"Team Member, Corporate Services",SALE OF SHARES,"6,500",18.35,"March 18, 2025",1493,False,UCAP,2025-03-19T09:35:03Z,https://doclib.ngxgroup.com/Financial_NewsDocs/176_NOTICE_OF_INSIDER_DEALING-_PURCHASE_-_OTUSANYA_TAIWO_NIYI_-_18.03.2025.pdf
OLOMU MODUPE,"Head, Human Resources at Ucee MFB (Subsidiary)",PURCHASE OF SHARES,"8,000",18.25,"March 18, 2025",1505,False,UCAP,2025-03-19T09:20:04Z,https://doclib.ngxgroup.com/Financial_NewsDocs/176_NOTICE_OF_INSIDER_DEALING-_PURCHASE_-_OLOMU_MODUPE_-_18.03.2025.pdf
MICHAEL-OBI DORIS OBIAGELI,"Head, Business Development",PURCHASE OF SHARES,400,18.45,"March 17, 2025",1495,False,UCAP,2025-03-18T08:05:02Z,https://doclib.ngxgroup.com/Financial_NewsDocs/176_NOTICE_OF_INSIDER_DEALING-_PURCHASE-_MICHAEL-OBI_DORIS_OBIAGELI_-17.03.2025.pdf
HOUESSINON PRISCILLA SENAME,"Team Member, Operations",PURCHASE OF SHARES,"2,693",18.45,"March 17, 2025",1497,False,UCAP,2025-03-18T08:00:08Z,https://doclib.ngxgroup.com/Financial_NewsDocs/176_NOTICE_OF_INSIDER_DEALING-_PURCHASE-_HOUESSINON_PRISCILLA_SENAME_-17.03.2025.pdf
SANUSI SAMIR,Strategy/Technical Assistant,PURCHASE OF SHARES,"4,576",19,"March 14, 2025",1481,False,UCAP,2025-03-17T08:30:36Z,https://doclib.ngxgroup.com/Financial_NewsDocs/176_NOTICE_OF_INSIDER_DEALING-_PURCHASE-_SANUSI_SAMIR_-14.03.2025.pdf
TONY-OKONTA EKENE,Portfolio Analyst,PURCHASE OF SHARES,"25,000",18.95,"March 14, 2025",1483,False,UCAP,2025-03-17T08:30:04Z,https://doclib.ngxgroup.com/Financial_NewsDocs/176_NOTICE_OF_INSIDER_DEALING_-_PURCHASE_-_TONY-OKONTA_EKENE_-_14.03.2025.pdf
,Independent Non-Executive Director,Purchase of shares by Mr. Babs Omotowa,,,,2552,False,SEPLAT,2025-03-14T14:20:02Z,https://doclib.ngxgroup.com/Financial_NewsDocs/43349_SEPLAT_ENERGY_PLC-NOTIFICATION_ON_SHARE_DEALING_BY_PDMR_-_MR_BABS_OMOTOWA_CORPORATE_ACTIONS_MARCH_2025.pdf
ATAM SAMUEL USHIE,Data Analyst at Ucee MFB (Subsidiary),PURCHASE OF SHARES,"23,897",18.70,"March 13, 2025",1503,False,UCAP,2025-03-14T07:45:01Z,https://doclib.ngxgroup.com/Financial_NewsDocs/176_NOTICE_OF_INSIDER_DEALING_-_PURCHASE_-_ATAM_SAMUEL_USHIE_-_13.03.2025.pdf
ONOJA EMMANUEL UNEKWU,Senior Strategy Officer at Ucee MFB (Subsidiary),PURCHASE OF SHARES,"167,000",18.85,"March 13, 2025",1520,False,UCAP,2025-03-14T07:40:09Z,https://doclib.ngxgroup.com/Financial_NewsDocs/176_NOTICE_OF_INSIDER_DEALING_-_PURCHASE_-_ONOJA_EMMANUEL_UNEKWU_-_13.03.2025.pdf
OMEIZA WISDOM ONYENEOIZA,Treasury Analyst,SALE OF SHARES,"2,846",19.75,"March 12, 2025",1483,False,UCAP,2025-03-13T10:00:02Z,https://doclib.ngxgroup.com/Financial_NewsDocs/176_NOTICE_OF_INSIDER_DEALING_-_SALE_-_OMEIZA_WISDOM_ONYENEOIZA_-_12.03.2025.pdf
TONY-OKONTA EKENE,Portfolio Analyst,PURCHASE OF SHARES,"5,700",19.25,"March 12, 2025",1481,False,UCAP,2025-03-13T09:50:33Z,https://doclib.ngxgroup.com/Financial_NewsDocs/176_NOTICE_OF_INSIDER_DEALING_-_PURCHASE_-_TONY-OKONTA_EKENE_-_12.03.2025.pdf
,Chief Executive Officer / Executive Director,Purchase of shares by Mr. Roger Brown,,,,2581,False,SEPLAT,2025-03-12T16:45:05Z,https://doclib.ngxgroup.com/Financial_NewsDocs/43331_SEPLAT_ENERGY_PLC-NOTIFICATION_OF_SHARE_DEALING_BY_PDMR_-_MR._ROGER_BROWN__CORPORATE_ACTIONS_MARCH_2025.pdf
ALABI STEPHEN ABAYOMI,Personal Assistant to Group CEO,PURCHASE OF SHARES,"47,500",20.89,"March 10,2025",1438,False,UCAP,2025-03-12T11:15:02Z,https://doclib.ngxgroup.com/Financial_NewsDocs/176_NOTICE_OF_INSIDER_DEALING_-_PURCHASE_-_ALABI_STEPHEN_ABAYOMI_-_10.03.2025.pdf
AFOLABI GBENGA JULIUS,Technical Assistant to the MD,PURCHASE OF SHARES,460,19,"March 7, 2025",1425,False,UCAP,2025-03-08T13:40:05Z,https://doclib.ngxgroup.com/Financial_NewsDocs/176_NOTICE_OF_INSIDER_DEALING_-_PURCHASE_-_AFOLABI_GBENGA_JULIUS_-_07.03.2025.pdf
ADEOLA AYODELE EBENEZER,"Team Lead, External Relations & Core Operations",SALE OF SHARES,854,18.20,"March 6,2025",1446,False,UCAP,2025-03-07T14:35:36Z,https://doclib.ngxgroup.com/Financial_NewsDocs/176_NOTICE_OF_INSIDER_DEALING-SALE-ADEOLA_AYODELE_EBENEZER-06.03.2025.pdf
HOUESSINON PRISCILLA SENAME,"Team Member, Operations",PURCHASE OF SHARES,"7,667",18.15,"March 6, 2025",1435,False,UCAP,2025-03-07T14:35:05Z,https://doclib.ngxgroup.com/Financial_NewsDocs/176_NOTICE_OF_INSIDER_DEALING_-_PURCHASE_-_HOUESSINON_PRISCILLA_SENAME_-_06.03.2025.pdf
NNOROM CHUKWUDI CHRISTIAN,"Relative of Director, Nnorom Emmanuel",SALE OF SHARES,"97,890",18.10,"March 5, 2025",1490,False,UCAP,2025-03-06T14:30:33Z,https://doclib.ngxgroup.com/Financial_NewsDocs/176_NOTICE_OF_INSIDER_DEALING-SALE_-_NNOROM_CHUKWUDI_CHRISTIAN_-_05.03.2025.pdf
OGENE SOLOMON ESHIMIAKHENA,Portfolio Manager,SALE OF SHARES,"148,000",18.60,"March 5,2025",1427,False,UCAP,2025-03-06T14:30:02Z,https://doclib.ngxgroup.com/Financial_NewsDocs/176_NOTICE_OF_INSIDER_DEALING-SALE_-_OGENE_SOLOMON_ESHIMIAKHENA_-_05.03.2025.pdf
ADEKOLA ADEBOYE OMOTAYO,Information Security Specialist,PURCHASE OF SHARES,"19,000",18.50,"March 5, 2025",1441,False,UCAP,2025-03-06T14:25:02Z,https://doclib.ngxgroup.com/Financial_NewsDocs/176_NOTICE_OF_INSIDER_DEALING_-_PURCHASE_-_ADEKOLA_ADEBOYE_OMOTAYO_-_05.03.2025.pdf
AGU NKEOMA JANET,"Team Member, Customer Experience",PURCHASE OF SHARES,"8,059",18.50,"March 5, 2025",1431,False,UCAP,2025-03-06T14:20:04Z,https://doclib.ngxgroup.com/Financial_NewsDocs/176_NOTICE_OF_INSIDER_DEALING_-_PURCHASE_-_AGU_NKEOMA_JANET_-_05.03.2024.pdf
ALABI STEPHEN ABAYOMI,Personal Assistant to MD,PURCHASE OF SHARES,500,18.35,"March 5,2025",1423,False,UCAP,2025-03-06T14:10:04Z,https://doclib.ngxgroup.com/Financial_NewsDocs/176_NOTICE_OF_INSIDER_DEALING_-_PURCHASE_-_ALABI_STEPHEN_ABAYOMI_-_05.03.2025.pdf
,Close family relative to an Insider of Aradel,Purchase of Aradel shares,,,"February 4 to 6, 2025",1425,False,ARADEL,2025-02-14T13:40:03Z,https://doclib.ngxgroup.com/Financial_NewsDocs/252_Notification_of_Insider_Dealing_-_Adeleye_Falade_4.pdf
,,,,,,3378,False,SEPLAT,2025-02-13T15:15:08Z,https://doclib.ngxgroup.com/Financial_NewsDocs/43133_SEPLAT_ENERGY_PLC-NOTIFICATION_OF_SHARE_DEALING__CORPORATE_ACTIONS_FEBRUARY_2025.pdf
,DIRECTOR,PURCHASE,,,13TH December 2024,1705,False,NEM,2025-02-13T11:25:33Z,https://doclib.ngxgroup.com/Financial_NewsDocs/119_Notification_of_Insider_Share_Dealing_13th_December_2024.pdf
,DIRECTOR,PURCHASE,,,12TH December 2024,1586,False,NEM,2025-02-13T11:25:02Z,https://doclib.ngxgroup.com/Financial_NewsDocs/119_Notification_of_Insider_Share_Dealing_12th_December_2024.pdf
,DIRECTOR,PURCHASE,,,11TH December 2024,1869,False,NEM,2025-02-13T11:16:19Z,https://doclib.ngxgroup.com/Financial_NewsDocs/119_Notification_of_Insider_Share_Dealing_11th_December_2024.pdf
,DIRECTOR,PURCHASE,,,10TH December 2024,1512,False,NEM,2025-02-13T11:15:04Z,https://doclib.ngxgroup.com/Financial_NewsDocs/119_Notification_of_Share_Dealing_by_Insiders_10th_December_2024.pdf
,DIRECTOR,PURCHASE,,,9TH December 2024,1807,False,NEM,2025-02-13T09:25:04Z,https://doclib.ngxgroup.com/Financial_NewsDocs/119_Notification_of_Insider_Share_Dealing_9th_December_2024.pdf
Mrs. Chijioke Nkechi Ugochukwu,Independent Non-Executive Director,Purchase of Shares,,,9th January 2025,1675,False,INTBREW,2025-01-29T18:25:02Z,https://doclib.ngxgroup.com/Financial_NewsDocs/87_Notification_of_Insider_Share_Dealing_-_International_Breweries.pdf
,Shareholder holding above 5%,Sale of Shares,"18,250,000",598.50,"December 31st, 2024",1402,False,ARADEL,2025-01-14T14:15:04Z,https://doclib.ngxgroup.com/Financial_NewsDocs/252_Notification_of_Insider_Dealing_-_Mr._Afolabi_Tajudeen_Adeola.pdf
ODOEMENE FAITH EUCHARIA,"Regional Office Administrator, Western Region",PURCHASE OF SHARES,"4,300",22.90,"January 06, 2025",1457,False,UCAP,2025-01-09T07:50:03Z,https://doclib.ngxgroup.com/Financial_NewsDocs/176_NOTICE_OF_INSIDER_DEALING-_PURCHASE-_ODOEMENE_FAITH_EUCHARIA_-_06_JANUARY_2025.pdf
,SUBSTANTIAL SHAREHOLDER,Purchase of Holdings,,,20/12/2024,2113,False,TIP,2025-01-06T12:45:03Z,https://doclib.ngxgroup.com/Financial_NewsDocs/207_AFOLAYAN_Sharedealing_of_20th_Dec.pdf
UNUIGBOJE RITA A,"Group Head, Operations",SALES OF SHARES,"45,000",20.50,"December 31,2024",1474,False,UCAP,2025-01-02T22:15:35Z,https://doclib.ngxgroup.com/Financial_NewsDocs/176_NOTICE_OF_INSIDER_DEALING-SALES-UNUIGBOJE_RITA_A-31.12.2024.pdf
TITILOYE BOLANRINWA OLUWAFIKAYO,"Head, Institutional Trust",PURCHASE OF SHARES,"132,250",20.588,"December 31, 2024",1456,False,UCAP,2025-01-02T22:15:03Z,https://doclib.ngxgroup.com/Financial_NewsDocs/176_NOTICE_OF_INSIDER_DEALING-_PURCHASE-_TITILOYE_BOLANRINWA_OLUWAFIKAYO_-31.12.2024.pdf
NNOROM PRINCESS CHINWE,"Relative of Director, Nnorom Emmanuel",PURCHASE OF SHARES,"4,000",20.25,"December 31,2024",1496,False,UCAP,2025-01-02T21:35:02Z,https://doclib.ngxgroup.com/Financial_NewsDocs/176_NOTICE_OF_INSIDER_DEALING-PURCHASE-NNOROM_PRINCESS_CHINWE-31.12.2024.pdf
NNOROM PEACE ANGEL,"Relative of Director, Nnorom Emmanuel",PURCHASE OF SHARES,"3,000",20.25,"December 31,2024",1492,False,UCAP,2025-01-02T21:30:02Z,https://doclib.ngxgroup.com/Financial_NewsDocs/176_NOTICE_OF_INSIDER_DEALING-PURCHASE-NNOROM_PEACE_ANGEL-31.12.2024.pdf
NNOROM MMESOMACHI OLIVIA,"Relative of Director, Nnorom Emmanuel",PURCHASE OF SHARES,"4,000",20.30,"December 31, 2024",1454,False,UCAP,2025-01-02T21:25:35Z,https://doclib.ngxgroup.com/Financial_NewsDocs/176_NOTICE_OF_INSIDER_DEALING-_PURCHASE-_NNOROM_MMESOMACHI_OLIVIA-31.12.2024.pdf
NNOROM CHIMAMANDA FLORENCE,"Relative of Director, Nnorom Emmanuel",PURCHASE OF SHARES,"4,000",20.25,"December 31, 2024",1496,False,UCAP,2025-01-02T21:25:04Z,https://doclib.ngxgroup.com/Financial_NewsDocs/176_NOTICE_OF_INSIDER_DEALING-PURCHASE-NNOROM_CHIMAMANDA_FLORENCE-31.12.2024.pdf
NNOROM CHIDINMA PRINCESS MIRACLE,"Relative of Director, Nnorom Emmanuel",PURCHASE OF SHARES,"3,000",20.25,"December 31, 2024",1502,False,UCAP,2025-01-02T19:40:01Z,https://doclib.ngxgroup.com/Financial_NewsDocs/176_NOTICE_OF_INSIDER_DEALING-PURCHASE-NNOROM_CHIDINMA_PRINCESS_MIRACLE-31.12.2024.pdf
NNOROM EMMANUEL NWABUIKWU,Director,PURCHASE OF SHARES,"5,000",20.20,"December 31, 2024",1466,False,UCAP,2025-01-02T19:35:02Z,https://doclib.ngxgroup.com/Financial_NewsDocs/176_NOTICE_OF_INSIDER_DEALING-PURCHASE-NNOROM_EMMANUEL_NWABUIKWU-31.12.2024.pdf
IJEOMA ONYEMA KAREN,Financial Controller,PURCHASE OF SHARES,"25,000",20.20,"December 31, 2024",1434,False,UCAP,2025-01-02T19:25:34Z,https://doclib.ngxgroup.com/Financial_NewsDocs/176_NOTICE_OF_INSIDER_DEALING-_PURCHASE-_IJEOMA_ONYEMA_KAREN_-_31.12.2024.pdf
BELLO TOSIN MORENIKE,"Head, Corporate Services",PURCHASE OF SHARES,"1,369",20.50,"December 31, 2024",1437,False,UCAP,2025-01-02T19:25:03Z,https://doclib.ngxgroup.com/Financial_NewsDocs/176_NOTICE_OF_INSIDER_DEALING-PURCHASE-BELLO_TOSIN_MORENIKE-31.12.2024.pdf
Saheed Lasisi,Executive Director,Share Purchase,,,30/12/2024,1050,False,NAHCO,2025-01-02T13:35:03Z,https://doclib.ngxgroup.com/Financial_NewsDocs/114_NAHCO_PLC_-_Notification_of_Share_Dealing_by_Insider_-_SLa.pdf
ONI AYOMIDE EMMANUEL,Social Media Support,PURCHASE OF SHARES,450,20.20,"December 30,2024",1473,False,UCAP,2024-12-31T10:45:32Z,https://doclib.ngxgroup.com/Financial_NewsDocs/176_NOTICE_OF_INSIDER_DEALING-PURCHASE-ONI_AYOMIDE_EMMANUEL-30.12.2024.pdf
ODOEMENE FAITH EUCHARIA,Regional Office Administrator,PURCHASE OF SHARES,35,20.20,"December 30, 2024",1439,False,UCAP,2024-12-31T10:45:01Z,https://doclib.ngxgroup.com/Financial_NewsDocs/176_NOTICE_OF_INSIDER_DEALING-ODOEMENE_FAITH_EUCHARIA-30.12.2024.pdf
FOLAHAN EZEKIEL ADEKUNLE,"Head, Trust Finance",PURCHASE OF SHARES,"80,959",20.20,"December 30, 2024",1439,False,UCAP,2024-12-31T10:05:02Z,https://doclib.ngxgroup.com/Financial_NewsDocs/176_NOTICE_OF_INSIDER_DEALING-_PURCHASE-_FOLAHAN_EZEKIEL_ADEKUNLE_-30.12.2024.pdf
BELLO TOSIN MORENIKE,"Head, Corporate Services",PURCHASE OF SHARES,"17,949",20.50,"December 30, 2024",1439,False,UCAP,2024-12-31T10:00:02Z,https://doclib.ngxgroup.com/Financial_NewsDocs/176_NOTICE_OF_INSIDER_DEALING-PURCHASE-BELLO_TOSIN_MORENIKE-30.12.2024.pdf
AHMED SAHEED ADEWALE,"Team Member, Trade & Investment",PURCHASE OF SHARES,"3,400",20.15,"December 30, 2024",1444,False,UCAP,2024-12-31T09:55:02Z,https://doclib.ngxgroup.com/Financial_NewsDocs/176_NOTICE_OF_INSIDER_DEALING-_PURCHASE-_AHMED_SAHEED_ADEWALE_-_30.12.2024.pdf
,Employee of Aradel Holdings PLC (Financial Accountant),Purchase of Aradel shares,,,"December 24th, 2024",1402,False,ARADEL,2024-12-30T12:00:02Z,https://doclib.ngxgroup.com/Financial_NewsDocs/252_Notification_of_Insider_Dealing_-_Idara_Ukpong.pdf
,Employee of Aradel Holdings PLC (Senior Legal Counsel),Purchase of Aradel shares,,,"December 19th, 2024",1412,False,ARADEL,2024-12-30T11:55:02Z,https://doclib.ngxgroup.com/Financial_NewsDocs/252_Notification_of_Insider_Dealing_-_Oyindamola_Oloniniyi_2.pdf
,Employee of Aradel Holdings PLC (Financial Accountant),Purchase of Aradel shares,,,"December 23rd, 2024",1403,False,ARADEL,2024-12-30T11:50:02Z,https://doclib.ngxgroup.com/Financial_NewsDocs/252_Notification_of_Insider_Dealing_-_Olubukola_Amodu.pdf
,Employee of Aradel Holdings PLC (Financial Accountant),Purchase of Aradel shares,,,"December 19th, 2024",1405,False,ARADEL,2024-12-30T09:45:03Z,https://doclib.ngxgroup.com/Financial_NewsDocs/252_Notification_of_Insider_Dealing_-_Oluwatosin_Ayandare_-_4.pdf
OMOTAYO DAMILOLA VICTOR,"Team Lead, Investment Operations & Settlement",PURCHASE OF SHARES,"19,000",20.60,"December 27, 2024",1464,False,UCAP,2024-12-28T16:30:02Z,https://doclib.ngxgroup.com/Financial_NewsDocs/176_NOTICE_OF_INSIDER_DEALING-_PURCHASE-_OMOTAYO_DAMILOLA_VICTOR_-27.12.2024.pdf
AHMED SAHEED ADEWALE,"Team Member, Trade & Investment",PURCHASE OF SHARES,"38,000",19.70,"December 27, 2024",1446,False,UCAP,2024-12-28T16:25:02Z,https://doclib.ngxgroup.com/Financial_NewsDocs/176_NOTICE_OF_INSIDER_DEALING-_PURCHASE-_AHMED_SAHEED_ADEWALE_-_27.12.2024.pdf
Chukwuma Nweke,Deputy Managing Director,Purchase of Shares,,,"December 23, 2024",1088,False,UBA,2024-12-27T15:30:02Z,https://doclib.ngxgroup.com/Financial_NewsDocs/175_Notification_Of_Share_Dealing_By_Insider_-_Chukwuma_Nweke.pdf
AHMED SAHEED ADEWALE,"Team Member, Trade & Investment",PURCHASE OF SHARES,"63,392",19.25,"December 24, 2024",1445,False,UCAP,2024-12-26T11:05:04Z,https://doclib.ngxgroup.com/Financial_NewsDocs/176_NOTICE_OF_INSIDER_DEALING-_PURCHASE-_AHMED_SAHEED_ADEWALE_-_24.12.2024.pdf
MARTINS ABOLAJI AKINDEJI,Strategy Analyst,SALE OF SHARES,"27,000",19.50,"December 24,2024",1478,False,UCAP,2024-12-26T10:30:07Z,https://doclib.ngxgroup.com/Financial_NewsDocs/176_NOTICE_OF_INSIDER_DEALING-SALE-MARTINS_ABOLAJI_AKINDEJI-24.12.2024.pdf
Emmanuel Kelechi Nnorom,Relative of a Non-Executive Director,Purchase of Shares,,,"November 15, 2024",1103,False,UBA,2024-12-24T19:40:02Z,https://doclib.ngxgroup.com/Financial_NewsDocs/175_Notification_Of_Share_Dealing_By_Insider_-_Emmanuel_Kelechi_Nnorom.pdf
OGUNTOYE TOLU DAVID,Financial Controller,PURCHASE OF SHARES,"8,000",19,"December 23, 2024",1425,False,UCAP,2024-12-23T16:40:03Z,https://doclib.ngxgroup.com/Financial_NewsDocs/176_NOTICE_OF_INSIDER_DEALING-_PURCHASE-_OGUNTOYE_TOLU_DAVID_-_23.12.2024.pdf
ERURU LYNDA,Fund Accountant,PURCHASE OF SHARES,"15,000",18.80,"December 20, 2024",1420,False,UCAP,2024-12-23T08:35:04Z,https://doclib.ngxgroup.com/Financial_NewsDocs/176_NOTICE_OF_INSIDER_DEALING-_PURCHASE-_ERURU_LYNDA_-_20.12.2024.pdf
,Employee of Aradel Holdings PLC (Financial Accountant),Purchase of Aradel shares,,,"December 18th, 2024",1410,False,ARADEL,2024-12-20T10:35:02Z,https://doclib.ngxgroup.com/Financial_NewsDocs/252_Notification_of_Insider_Dealing_-_Oluwatosin_Ayandare_-_3.pdf
,Connected person to an Employee of Aradel Holdings PLC,Purchase of Aradel shares,,,"December 3rd, 2024",1400,False,ARADEL,2024-12-20T10:15:05Z,https://doclib.ngxgroup.com/Financial_NewsDocs/252_Notification_of_Insider_Dealing_-_Mr._Johnson_Babatunde.pdf
,Employee of Aradel Holdings PLC (Associate Engineer),Purchase of Aradel shares,,,"December 18th, 2024",1377,False,ARADEL,2024-12-20T08:50:34Z,https://doclib.ngxgroup.com/Financial_NewsDocs/252_Notification_of_Insider_Dealing_-_Wisdom_Ojo.pdf
OMOJUYIGBE OPEYEMI AJOKE,"Head of Retail, North",PURCHASE OF SHARES,"10,420",18.85,"December 19, 2024",1440,False,UCAP,2024-12-20T08:30:06Z,https://doclib.ngxgroup.com/Financial_NewsDocs/176_NOTICE_OF_INSIDER_DEALING-PURCHASE-_OMOJUYIGBE_OPEYEMI_AJOKE_-19.12.2024.pdf
,Board Chairman,Purchase of shares by Mr. Udoma Udo Udoma.,,,,2585,False,SEPLAT,2024-12-19T14:05:03Z,https://doclib.ngxgroup.com/Financial_NewsDocs/42726_SEPLAT_ENERGY_PLC-NOTIFICATION_OF_SHARE_DEALING_BY_A_PDMR_MR_UDOMA_UDO_UDOMA_CORPORATE_ACTIONS_DECEMBER_2024.pdf
IJEOMA ONYEMA KAREN,Financial Controller,SALE OF SHARES,"32,935",18.55,"December 17,2024",1477,False,UCAP,2024-12-18T12:40:02Z,https://doclib.ngxgroup.com/Financial_NewsDocs/176_NOTICE_OF_INSIDER_DEALING-SALE-IJEOMA_ONYEMA_KAREN-17.12.2024.pdf
ONYEMA AMAOBI JOSEPH,"Head, Enterprise Performance Management",PURCHASE OF SHARES,"880,000",18.95,"December 17, 2024",1455,False,UCAP,2024-12-18T12:35:02Z,https://doclib.ngxgroup.com/Financial_NewsDocs/176_NOTICE_OF_INSIDER_DEALING-_PURCHASE-_ONYEMA_AMAOBI_JOSEPH_-_17.12.2024.pdf
,Management staff,Purchase of Shares,,,06/12/2024,1208,False,CUTIX,2024-12-18T12:30:03Z,https://doclib.ngxgroup.com/Financial_NewsDocs/48_Cutix_Plc_-_Notice_of_Share_Dealing_By_an_Insider_OHO.pdf
,Management staff,Purchase of Shares,,,06/12/2024,1205,False,CUTIX,2024-12-18T12:10:02Z,https://doclib.ngxgroup.com/Financial_NewsDocs/48_Cutix_Plc_-_Notice_of_Share_Dealing_By_an_Insider_DIO.pdf
,Management staff,Purchase of Shares,,,As detailed in 4 (c) above,1300,False,CUTIX,2024-12-18T11:55:03Z,https://doclib.ngxgroup.com/Financial_NewsDocs/48_Cutix_Plc_-_Notice_of_Share_Dealing_By_an_Insider_CIO.pdf
,Employee of Aradel Holdings PLC (IT – Technical Auditor),Sale of Aradel shares,,,"December 13th, 2024",1392,False,ARADEL,2024-12-18T08:55:05Z,https://doclib.ngxgroup.com/Financial_NewsDocs/252_Notification_of_Insider_Dealing_-_David_Agbo_-_2.pdf
,,,,,,0,True,ETERNA,2024-12-17T15:35:02Z,https://doclib.ngxgroup.com/Financial_NewsDocs/61_NOTIFICATION_OF_DIRECTOR_DEALING_-_16-12-24_ED_Phoebean_Ifeadi.pdf
,SUBSTANTIAL SHAREHOLDER,Purchase of Holdings,,,04/12/2024,2126,False,TIP,2024-12-17T13:35:02Z,https://doclib.ngxgroup.com/Financial_NewsDocs/207_AFOLAYAN_Sharedealing_of_4th_December.pdf
,SUBSTANTIAL SHAREHOLDER,Purchase of Holdings,,,02/12/2024,2115,False,TIP,2024-12-17T13:30:03Z,https://doclib.ngxgroup.com/Financial_NewsDocs/207_AFOLAYAN_Sharedealing_of_2nd_December.pdf
,SUBSTANTIAL SHAREHOLDER,Purchase of Holdings,,,27/11/2024,2130,False,TIP,2024-12-17T13:25:01Z,https://doclib.ngxgroup.com/Financial_NewsDocs/207_AFOLAYAN_Sharedealing_of_27th_Nov.pdf
,Director (Custodian Investment Plc),Purchase,,,,1200,False,CUSTODIAN,2024-12-17T13:00:04Z,https://doclib.ngxgroup.com/Financial_NewsDocs/47_Custodian_Investment_Plc____Share_Dealing_Notification.pdf
,Independent Non-Executive Director,Purchase of shares by Mr. Babs Omotowa,,,,2509,False,SEPLAT,2024-12-13T16:46:15Z,https://doclib.ngxgroup.com/Financial_NewsDocs/42709_SEPLAT_ENERGY_PLC-NOTIFICATION_OF_DEALING_BY_PDMR_MR._OMOTOWA_CORPORATE_ACTIONS_DECEMBER_2024.pdf
,Employee of Aradel Holdings PLC (Associate Engineer),Purchase of Aradel shares,,,"December 11th, 2024",1381,False,ARADEL,2024-12-13T09:50:02Z,https://doclib.ngxgroup.com/Financial_NewsDocs/252_Notification_of_Insider_Dealing_-_Stephen_Nwala.pdf
,Employee of Aradel Holdings PLC (GM - HR & Corporate Services),Purchase of Aradel shares,,,"December 11th, 2024",1409,False,ARADEL,2024-12-13T09:40:02Z,https://doclib.ngxgroup.com/Financial_NewsDocs/252_Notification_of_Insider_Dealing_-_Rita_Olarenwaju.pdf
,Employee of Aradel Holdings PLC (Legal Counsel),Purchase of Aradel shares,,,"December 4th, 2024",1383,False,ARADEL,2024-12-13T09:35:02Z,https://doclib.ngxgroup.com/Financial_NewsDocs/252_Notification_of_Insider_Dealing_-_Nathaniel_Osawe_-_2.pdf
,Employee of Aradel Holdings PLC (Governance & Non-,Purchase of Aradel shares,,,"December 9th, 2024",1415,False,ARADEL,2024-12-13T09:30:03Z,https://doclib.ngxgroup.com/Financial_NewsDocs/252_Notification_of_Insider_Dealing_-_Aderonke_Victoria_Owoeye.pdf
FOLAHAN EZEKIEL ADEKUNLE,"Head, Trust Finance",PURCHASE OF SHARES,"200,000",17.98,"December 11, 2024",1439,False,UCAP,2024-12-12T08:20:03Z,https://doclib.ngxgroup.com/Financial_NewsDocs/176_NOTICE_OF_INSIDER_DEALING-_PURCHASE-_FOLAHAN_EZEKIEL_ADEKUNLE-_11.12.2024.pdf
,Close family relative to an Employee of Aradel,Purchase of Aradel shares,,,"December 9th, 2024",1422,False,ARADEL,2024-12-10T13:40:02Z,https://doclib.ngxgroup.com/Financial_NewsDocs/252_Notification_of_Insider_Dealing_-_Adeniun_Folasade_Taiwo_-_2.pdf
,Employee of Aradel Holdings PLC,Purchase of Aradel shares,,,"December 4th, 2024",1373,False,ARADEL,2024-12-10T13:30:05Z,https://doclib.ngxgroup.com/Financial_NewsDocs/252_Notification_of_Insider_Dealing_-_Olarewaju_Daramola_-_2.pdf
NNOROM UCHECHUKWU HENRY,Business Operations Performance Associate,PURCHASE OF SHARES,"73,250",18,"December 09, 2024",1452,False,UCAP,2024-12-10T07:35:02Z,https://doclib.ngxgroup.com/Financial_NewsDocs/176_NOTICE_OF_INSIDER_DEALING-_PURCHASE-_NNOROM_UCHECHUKWU_HENRY_09.12.2024.pdf
AKINDELE SARAH MORENIKEJI,"Head, Operations MFB",PURCHASE OF SHARES,"44,417",17.90,"December 09, 2024",1440,False,UCAP,2024-12-10T07:30:09Z,https://doclib.ngxgroup.com/Financial_NewsDocs/176_NOTICE_OF_INSIDER_DEALING-_PURCHASE-_AKINDELE_SARAH_MORENIKEJI_-09.12.2024.pdf
,Chief Executive Officer,Purchase of Shares,,,"6th December, 2024",1255,False,CUTIX,2024-12-06T16:45:04Z,https://doclib.ngxgroup.com/Financial_NewsDocs/48_Cutix_Plc_-_Notification_of_Share_Dealing_by_an_Insider_-_CEO.pdf
,Beneﬁcial owner is an employee of Aradel Holdings Plc,Purchase of Aradel shares,,,"December 2nd, 2024",1401,False,ARADEL,2024-12-05T13:20:03Z,https://doclib.ngxgroup.com/Financial_NewsDocs/252_Notification_of_Insider_Dealing_-_Terosimo_Limited.pdf
HOUESSINON PRISCILLA SENAME,"TM, Trade & Investment",SALE OF SHARES,"10,463",17.70,"December 04, 2024",1441,False,UCAP,2024-12-05T08:45:33Z,https://doclib.ngxgroup.com/Financial_NewsDocs/176_NOTICE_OF_INSIDER_DEALING-_SALE-_HOUESSINON_PRISCILLA_SENAME_-04_DECEMBER_2024.pdf
Asabor Sunday Ide,"Head, Project Finance",SALES OF SHARES,"250,000",17.65,"December 04, 2024",1431,False,UCAP,2024-12-05T08:45:02Z,https://doclib.ngxgroup.com/Financial_NewsDocs/176_NOTICE_OF_INSIDER_DEALING-_SALE-_ASABOR_SUNDAY_IDE_-_04_DECEMBER_2024_(1).pdf
,Employee of Aradel Holdings PLC,Purchase of Aradel shares,,,"December 3rd, 2024",1382,False,ARADEL,2024-12-04T15:15:04Z,https://doclib.ngxgroup.com/Financial_NewsDocs/252_Notification_of_Insider_Dealing_-_Damilola_Oluwalogbon.pdf
Asabor Sunday Ide,"Head, Project Finance",SALES OF SHARES,"200,000",17.40,"December 03, 2024",1431,False,UCAP,2024-12-04T13:37:07Z,https://doclib.ngxgroup.com/Financial_NewsDocs/176_NOTICE_OF_INSIDER_DEALING-_SALE-_ASABOR_SUNDAY_IDE_-_03_DECEMBER_2024.pdf
OLODUN EMMANUEL OLADEJO,Equity Trader,SALES OF SHARES,"50,000",17.40,"December 03,2024",1467,False,UCAP,2024-12-04T13:36:36Z,https://doclib.ngxgroup.com/Financial_NewsDocs/176_NOTICE_OF_INSIDER_DEALING-SALES-_OLODUN_EMMANUEL_OLADEJO_-03.12.2024.pdf
CHIDOZIE EDITH O.,Finance Supervisor,PURCHASE OF SHARES,"17,390",17.15,"December 02, 2024",1430,False,UCAP,2024-12-03T08:05:05Z,https://doclib.ngxgroup.com/Financial_NewsDocs/176_NOTICE_OF_INSIDER_DEALING-PURCHASE-_CHIDOZIE_EDITH_-02.12.2024.pdf
,Employee of Aradel Holdings PLC,Sale of Aradel shares,,,"November 28th, 2024",1363,False,ARADEL,2024-12-02T10:10:02Z,https://doclib.ngxgroup.com/Financial_NewsDocs/252_Notification_of_Insider_Dealing_-_Oladapo_Olaogbebikan.pdf
,Employee of Aradel Holdings PLC,Purchase of Aradel shares,,,"November 27th, 2024",1407,False,ARADEL,2024-12-02T10:00:02Z,https://doclib.ngxgroup.com/Financial_NewsDocs/252_Notification_of_Insider_Dealing_-_Olarewaju_Daramola_-_29.11.24.pdf
,Employee of Aradel Holdings PLC,Sale of Aradel shares,,,"November 28th, 2024",1361,False,ARADEL,2024-12-02T09:35:02Z,https://doclib.ngxgroup.com/Financial_NewsDocs/252_Notification_of_Insider_Dealing_-_David_Agbo.pdf
,Employee of Aradel Holdings PLC,Purchase of Aradel shares,,,"November 28th, 2024",1393,False,ARADEL,2024-12-02T09:25:02Z,https://doclib.ngxgroup.com/Financial_NewsDocs/252_Notification_of_Insider_Dealing_-_Chukwuma_Nkwodinmah_-_29.11.24.pdf
,Employee of Aradel Holdings PLC,Purchase of Aradel shares,,,"November 28th, 2024",1371,False,ARADEL,2024-12-02T09:15:06Z,https://doclib.ngxgroup.com/Financial_NewsDocs/252_Notification_of_Insider_Dealing_-_Theresa_Ewuzie__-_2.pdf
Nnorom Uchechukwu and Chidinma,Business Operations Performance Associate and Spouse,SALE OF SHARES,"29,000",17.35,"November 29, 2024",1472,False,UCAP,2024-12-01T20:25:01Z,https://doclib.ngxgroup.com/Financial_NewsDocs/176_NOTICE_OF_INSIDER_DEALING-_SALE-_NNOROM_UCHECHUKWU_AND_CHIDINMA_-29_NOVEMBER_2024.pdf
ALADE ABIDEEN OSUNTAYO,Head Trader,SALES OF SHARES,"400,000",17.24,"November 29, 2024",1426,False,UCAP,2024-12-01T20:10:32Z,https://doclib.ngxgroup.com/Financial_NewsDocs/176_NOTICE_OF_INSIDER_DEALING-_SALES-_ALADE_ABIDEEN_OSUNTAYO_-_29_NOVEMBER_2024.pdf
ABAFOR ARINZE PRAISE,"TM, Trade & Investment",SALE OF SHARES,"11,000",17.41,"November 29, 2024",1434,False,UCAP,2024-12-01T20:10:01Z,https://doclib.ngxgroup.com/Financial_NewsDocs/176_NOTICE_OF_INSIDER_DEALING-SALE-_ABAFOR_ARINZE_PRAISE_-29.11.2024.pdf
CHIDOZIE EDITH O.,Finance Advisor,PURCHASE OF SHARES,"143,680",17.20,"November 29, 2024",1429,False,UCAP,2024-12-01T20:05:04Z,https://doclib.ngxgroup.com/Financial_NewsDocs/176_NOTICE_OF_INSIDER_DEALING-PURCHASE-_CHIDOZIE_EDITH_-29.11.2024.pdf
AKINDELE SARAH MORENIKEJI,"Head, Operations MFB",SALE OF SHARES,"255,000",17.50,"November 28,2024",1485,False,UCAP,2024-11-28T17:45:02Z,https://doclib.ngxgroup.com/Financial_NewsDocs/176_NOTICE_OF_INSIDER_DEALING-SALE-AKINDELE_SARAH_MORENIKEJI-28.11.2024.pdf
OLODUN EMMANUEL OLADEJO,Equity Trader,SALE OF SHARES,"20,000",17.4,"November 28, 2024",1425,False,UCAP,2024-11-28T17:40:02Z,https://doclib.ngxgroup.com/Financial_NewsDocs/176_NOTICE_OF_INSIDER_DEALING-SALE-OLODUN_EMMANUEL_OLADEJO-28.11.2024.pdf
ANENE SUNNY CHUKWUMA,Deputy Group CEO,PURCHASE OF SHARES,"1,459,613",17.38,"November 28,2024",1481,False,UCAP,2024-11-28T17:35:02Z,https://doclib.ngxgroup.com/Financial_NewsDocs/176_NOTICE_OF_INSIDER_DEALING-PURCHASE-ANENE_SUNNY_CHUKWUMA-28.11.2024.pdf
ANENE SUNNY CHUKWUMA,Deputy Group CEO,PURCHASE OF SHARES,"4,090,387",17.30,"November 27,2024",1481,False,UCAP,2024-11-28T17:30:04Z,https://doclib.ngxgroup.com/Financial_NewsDocs/176_NOTICE_OF_INSIDER_DEALING-PURCHASE-ANENE_SUNNY_CHUKWUMA-27.11.2024.pdf
BADMUS MICHAEL KAYODE,"Team Lead, Operations",SALE OF SHARES,"28,330",17.50,"November 27,2024",1480,False,UCAP,2024-11-28T09:55:34Z,https://doclib.ngxgroup.com/Financial_NewsDocs/176_NOTICE_OF_INSIDER_DEALING-SALE-BADMUS_MICHAEL_KAYODE-27.11.2024.pdf
,Employee of Aradel Holdings PLC,Purchase of Aradel shares,,,"November 19th, 2024",1368,False,ARADEL,2024-11-27T13:40:02Z,https://doclib.ngxgroup.com/Financial_NewsDocs/252_Notification_of_Insider_Dealing_-_Theresa_Ewuzie.pdf
OGENE SOLOMON ESHIMIAKHENA,Portfolio Manager,PURCHASE OF SHARES,"90,000",17.25,"November 26,2024",1485,False,UCAP,2024-11-27T13:15:02Z,https://doclib.ngxgroup.com/Financial_NewsDocs/176_NOTICE_OF_INSIDER_DEALING-PURCHASE-OGENE_SOLOMON_ESHIMIAKHENA_-_26.11.2024.pdf
OLOMU MODUPE,HR Manager,PURCHASE OF SHARES,"11,458",17.35,"November 26, 2024",1417,False,UCAP,2024-11-27T13:05:02Z,https://doclib.ngxgroup.com/Financial_NewsDocs/176_NOTICE_OF_INSIDER_DEALING-PURCHASE-OLOMU_MODUPE_-_26.11.2024.pdf
SHOMADE KAZEEM OLUWASEGUN,"Team Lead, Strategy and Innovation Strategy",PURCHASE OF SHARES,"150,000",17.25,"November 26, 2024",1465,False,UCAP,2024-11-27T13:00:02Z,https://doclib.ngxgroup.com/Financial_NewsDocs/176_NOTICE_OF_INSIDER_DEALING-PURCHASE-SHOMADE_KAZEEM_OLUWASEGUN_-_26.11.2024.pdf
ANENE SUNNY CHUKWUMA,Deputy Group CEO,PURCHASE OF SHARES,"450,000",17.30,"November 26,2024",1477,False,UCAP,2024-11-27T12:55:01Z,https://doclib.ngxgroup.com/Financial_NewsDocs/176_NOTICE_OF_INSIDER_DEALING-PURCHASE-ANENE_SUNNY_CHUKWUMA_-_26.11.2024.pdf
IJEOMA ONYEMA KAREN,Financial Controller,PURCHASE OF SHARES,"20,000",17.25,"November 26, 2024",1434,False,UCAP,2024-11-27T12:50:03Z,https://doclib.ngxgroup.com/Financial_NewsDocs/176_NOTICE_OF_INSIDER_DEALING-PURCHASE-IJEOMA_ONYEMA_KAREN_-_26.11.2024.pdf
,Employee of Aradel Holdings PLC,Disposal of Aradel shares,,,"November 26th, 2024",1380,False,ARADEL,2024-11-27T08:35:02Z,https://doclib.ngxgroup.com/Financial_NewsDocs/252_Notification_of_Insider_Dealing_-_Tunde_Aransiola.pdf
,Employee of Aradel Holdings PLC,Purchase of Aradel shares,,,"November 20th, 2024",1375,False,ARADEL,2024-11-27T08:10:02Z,https://doclib.ngxgroup.com/Financial_NewsDocs/252_Notification_of_Insider_Dealing_-_Oyindamola_Oloniniyi.pdf
,Employee of Aradel Holdings PLC,Purchase of Aradel shares,,,"November 21st, 2024",1380,False,ARADEL,2024-11-27T08:05:07Z,https://doclib.ngxgroup.com/Financial_NewsDocs/252_Notification_of_Insider_Dealing_-_Sola_Olugbemiga.pdf
IJEOMA ONYEMA KAREN,Financial Controller,PURCHASE OF SHARES,"1,954",17.10,"November 25,2024",1479,False,UCAP,2024-11-26T08:25:34Z,https://doclib.ngxgroup.com/Financial_NewsDocs/176_NOTICE_OF_INSIDER_DEALING-PURCHASE-IJEOMA_ONYEMA_KAREN-25.11.2024.pdf
HOUESSINON PRISCILLA SENAME,"Team Member, Trade & Investment Unit",PURCHASE OF SHARES,"10,463",17.10,"November 25, 2024",1458,False,UCAP,2024-11-26T08:25:02Z,https://doclib.ngxgroup.com/Financial_NewsDocs/176_NOTICE_OF_INSIDER_DEALING-PURCHASE-_HOUESSINON_PRISCILLA_SENAME-25.11.2024.pdf
SHODIPO PETER ADEDAYO,"Head, Compliance",SALES OF SHARES,"73,916",16.95,"November 22,2024",1474,False,UCAP,2024-11-22T17:10:35Z,https://doclib.ngxgroup.com/Financial_NewsDocs/176_NOTICE_OF_INSIDER_DEALING-SALES-SHODIPO_PETER_ADEDAYO-22.11.2024.pdf
ONYEMA AMAOBI JOSEPH,Financial Controller,SALES OF SHARES,"300,000",17.10,"November 22,2024",1479,False,UCAP,2024-11-22T17:10:03Z,https://doclib.ngxgroup.com/Financial_NewsDocs/176_NOTICE_OF_INSIDER_DEALING-SALES-ONYEMA_AMAOBI_JOSEPH-22.11.2024.pdf
NNOROM UCHECHUKWU HENRY,Business Operations Performance Associate,SALES OF SHARES,"7,474",17.10,"November 22,2024",1499,False,UCAP,2024-11-22T17:05:03Z,https://doclib.ngxgroup.com/Financial_NewsDocs/176_NOTICE_OF_INSIDER_DEALING-SALES-NNOROM_UCHECHUKWU_HENRY-22.11.2024.pdf
ADINGUPU AZUKA PAUL,"Team Member, Trustees",PURCHASE OF SHARES,"8,640",16.90,"November 22,2024",1478,False,UCAP,2024-11-22T17:00:02Z,https://doclib.ngxgroup.com/Financial_NewsDocs/176_NOTICE_OF_INSIDER_DEALING-PURCHASE-ADINGUPU_AZUKA_PAUL-22.11.2024.pdf
ABAFOR ARINZE PRAISE,"Team Member, Trade & Investment Unit",PURCHASE OF SHARES,413,17.20,"November 22, 2024",1445,False,UCAP,2024-11-22T16:55:04Z,https://doclib.ngxgroup.com/Financial_NewsDocs/176_NOTICE_OF_INSIDER_DEALING-PURCHASE-_ABAFOR_ARINZE_PRAISE_-22.11.2024.pdf
Adeoye Rafiu Emiloju,Chief Financial Officer,Stock/Share Purchase,,,21/11/2024,1042,False,NAHCO,2024-11-22T13:35:02Z,https://doclib.ngxgroup.com/Financial_NewsDocs/114_NAHCO_PLC_-_Notification_of_Share_Dealing_by_Insider_-_ARE-.pdf
,Employee of Aradel Holdings PLC,Purchase of Aradel shares,,,"November 21st, 2024",1373,False,ARADEL,2024-11-22T13:15:02Z,https://doclib.ngxgroup.com/Financial_NewsDocs/252_Notification_of_Insider_Dealing_-_Lucky_Okubor.pdf
,Employee of Aradel Holdings PLC,Purchase of Aradel shares,,,"November 19th, 2024",1372,False,ARADEL,2024-11-22T13:10:02Z,https://doclib.ngxgroup.com/Financial_NewsDocs/252_Notification_of_Insider_Dealing_-_Victoria_Humphreh.pdf
OKE YETUNDE OLOLADE,Collection & Recovery Officer,SALE OF SHARES,"14,200",17.20,"November 21, 2024",1438,False,UCAP,2024-11-22T12:50:01Z,https://doclib.ngxgroup.com/Financial_NewsDocs/176_NOTICE_OF_INSIDER_DEALING-_SALE_-_OKE_YETUNDE_OLOLADE_-_21_NOVEMBER_2024.pdf
Nnorom Uchechukwu Henry,Business Operations Performance Associate,SALE OF SHARES,"86,165",17.10,"November 21, 2024",1454,False,UCAP,2024-11-22T12:45:02Z,https://doclib.ngxgroup.com/Financial_NewsDocs/176_NOTICE_OF_INSIDER_DEALING-_SALE-_NNOROM_UCHECHUKWU_HENRY_-_21_NOVEMBER_2024.pdf
OGENE SOLOMON,Portfolio Manager,PURCHASE OF SHARES,"58,000",17.00,"November 21, 2024",1425,False,UCAP,2024-11-22T12:35:03Z,https://doclib.ngxgroup.com/Financial_NewsDocs/176_NOTICE_OF_INSIDER_DEALING-PURCHASE-_OGENE_SOLOMON_-_21.11.2024.pdf
,Employee of Aradel Holdings PLC,Purchase of Aradel shares,,,"November 19th, 2024",1394,False,ARADEL,2024-11-21T09:10:02Z,https://doclib.ngxgroup.com/Financial_NewsDocs/252_Notification_of_Insider_Dealing_-_Bolarinwa_Akintilebo.pdf
IJEOMA ONYEMA KAREN,Financial Controller,PURCHASE OF SHARES,"5,800",17.00,"November 20, 2024",1432,False,UCAP,2024-11-20T15:50:04Z,https://doclib.ngxgroup.com/Financial_NewsDocs/176_NOTICE_OF_INSIDER_DEALING-PURCHASE-_IJEOMA_ONYEMA_KAREN_-20.11.2024.pdf
,,,,,,0,True,ACCESSCORP,2024-11-20T11:00:04Z,https://doclib.ngxgroup.com/Financial_NewsDocs/239_Notification_of_Insider_Dealing_-_Sunday_Ekwochi.pdf
UNUIGBOJE RITA A.,Group Head Operations,SALES OF SHARES,"5,000",16.90,"November 19,2024",1467,False,UCAP,2024-11-20T08:45:33Z,https://doclib.ngxgroup.com/Financial_NewsDocs/176_NOTICE_OF_INSIDER_DEALING-SALES-_UNUIGBOJE_RITA_A_-19.11.2024.pdf
THOMAS MICHAEL ABIODUN,Managing Director/ CEO United Capital Trustees Limited,PURCHASE OF SHARES,"1,299",16.90,"November 19, 2024",1469,False,UCAP,2024-11-20T08:45:02Z,https://doclib.ngxgroup.com/Financial_NewsDocs/176_NOTICE_OF_INSIDER_DEALING-PURCHASE-_THOMAS_MICHAEL_ABIODUN__-19.11.2024.pdf
OTUSANYA TAIWO NIYI,"Team Member, Corporate Services",PURCHASES OF SHARES,998,16.90,"November 19, 2024",1439,False,UCAP,2024-11-20T08:40:02Z,https://doclib.ngxgroup.com/Financial_NewsDocs/176_NOTICE_OF_INSIDER_DEALING-_PURCHASES_-_OTUSANYA_TAIWO_NIYI_-_19_NOVEMBER_2024.pdf
AKISANYA PATRICK TITILOPE,Finance Officer,PURCHASE OF SHARES,"14,000",16.80,"November 19, 2024",1435,False,UCAP,2024-11-20T08:30:33Z,https://doclib.ngxgroup.com/Financial_NewsDocs/176_NOTICE_OF_INSIDER_DEALING-PURCHASE-_AKISANYA_PATRICK_-19.11.2024.pdf
ADINGUPU AZUKU PAUL,"Team Member, Institutional Trust",PURCHASES OF SHARES,"50,000",16.80,"November 19, 2024",1446,False,UCAP,2024-11-20T08:30:02Z,https://doclib.ngxgroup.com/Financial_NewsDocs/176_NOTICE_OF_INSIDER_DEALING-_PURCHASES_-_ADINGUPU_AZUKU_PAUL_-_19_NOVEMBER_2024.pdf
ABAFOR ARINZE PRAISE,"TM, Trade & Investment",PURCHASE OF SHARES,"1,485",16.87,"November 19, 2024",1436,False,UCAP,2024-11-20T08:20:08Z,https://doclib.ngxgroup.com/Financial_NewsDocs/176_NOTICE_OF_INSIDER_DEALING-PURCHASE-_ABAFOR_ARINZE_PRAISE_-19.11.2024.pdf
,,,,,,0,True,ACCESSCORP,2024-11-19T15:35:02Z,https://doclib.ngxgroup.com/Financial_NewsDocs/239_Notificatio_of_Insider_Dealing_-_Mrs._Iyabo_Soji-Okusanya.pdf
,,,,,,0,True,ACCESSCORP,2024-11-19T15:30:02Z,https://doclib.ngxgroup.com/Financial_NewsDocs/239_Notification_of_Insider_Dealing_-_Bolaji_Agbede.pdf
,,,,,,0,True,ACCESSCORP,2024-11-19T15:25:03Z,https://doclib.ngxgroup.com/Financial_NewsDocs/239_Notification_of_Insider_Dealing_-_Dr._Greg_Jobome.pdf
,,,,,,0,True,ACCESSCORP,2024-11-19T15:10:03Z,https://doclib.ngxgroup.com/Financial_NewsDocs/239_Notification_of_Insider_Dealing_-_Ms._Hadiza_Ambursa.pdf
,,,,,,0,True,ACCESSCORP,2024-11-19T15:00:02Z,https://doclib.ngxgroup.com/Financial_NewsDocs/239_NOTIFICATION_OF_INSIDER_DEALING_-_Seyi_Kumapayi_(2).pdf
,,,,,,0,True,ACCESSCORP,2024-11-19T14:55:02Z,https://doclib.ngxgroup.com/Financial_NewsDocs/239_Notification_of_Insider_Dealing_-_Mrs._Chizoma_Okoli.pdf
,,,,,,0,True,ACCESSCORP,2024-11-19T14:45:02Z,https://doclib.ngxgroup.com/Financial_NewsDocs/239_Notification_of_Insider_Dealing_-_Mr._Roosevelt_Ogbonna.pdf
,Employee of Aradel Holdings PLC,Purchase of Aradel shares,,,"November 15th, 2024",1380,False,ARADEL,2024-11-19T13:05:04Z,https://doclib.ngxgroup.com/Financial_NewsDocs/252_Notification_of_Insider_Dealing_-_Dipo_Akinbode_-_2.pdf
BADMUS MICHAEL KAYODE,"Team Lead, Operations",PURCHASE OF SHARES,"11,834",16.80,"November 18, 2024",1437,False,UCAP,2024-11-19T08:40:33Z,https://doclib.ngxgroup.com/Financial_NewsDocs/176_NOTICE_OF_INSIDER_DEALING-PURCHASE-_BADMUS_MICHAEL_KAYODE_-18.11.2024.pdf
BASHUA GBENGA ODUNAYO,Regional Administrative Officer,PURCHASE OF SHARES,351,16.95,"November 18, 2024",1441,False,UCAP,2024-11-19T08:40:02Z,https://doclib.ngxgroup.com/Financial_NewsDocs/176_NOTICE_OF_INSIDER_DEALING-PURCHASE-_BASHUA_GBENGA_ODUNAYO_-18.11.2024.pdf
OTUSANYA TAIWO NIYI,"Team Member, Corporate Services",PURCHASES OF SHARES,"11,676",16.90,"November 18, 2024",1445,False,UCAP,2024-11-19T08:35:36Z,https://doclib.ngxgroup.com/Financial_NewsDocs/176_NOTICE_OF_INSIDER_DEALING-_PURCHASES_-_OTUSANYA_TAIWO_NIYI_-_18_NOVEMBER_2024.pdf
THOMAS MICHAEL ABIODUN,Managing Director United Capital Trustees Limited,PURCHASE OF SHARES,"15,701",16.95,"November 18, 2024",1464,False,UCAP,2024-11-19T08:35:05Z,https://doclib.ngxgroup.com/Financial_NewsDocs/176_NOTICE_OF_INSIDER_DEALING-PURCHASE-_THOMAS_MICHAEL_ABIODUN__-18.11.2024.pdf
AKISANYA PATRICK,Finance Officer,PURCHASE OF SHARES,"15,000",17.10,"November 15, 2024",1426,False,UCAP,2024-11-18T17:20:03Z,https://doclib.ngxgroup.com/Financial_NewsDocs/176_NOTICE_OF_INSIDER_DEALING-PURCHASE-_AKISANYA_PATRICK_-15.11.2024.pdf
SHODIPO PETER ADEDAYO,Head of Compliance,SALES OF SHARES,"40,000",17.30,"November 15,2024",1470,False,UCAP,2024-11-18T09:40:33Z,https://doclib.ngxgroup.com/Financial_NewsDocs/176_NOTICE_OF_INSIDER_DEALING-SALES-_SHODIPO_PETER_ADEDAYO_-15.11.2024.pdf
THOMAS MICHAEL ABIODUN,Managing Director United Capital Trustees limited,PURCHASE OF SHARES,"112,898",16.90,"November 15, 2024",1468,False,UCAP,2024-11-18T09:40:02Z,https://doclib.ngxgroup.com/Financial_NewsDocs/176_NOTICE_OF_INSIDER_DEALING-PURCHASE-_THOMAS_MICHAEL_ABIODUN__-15.11.2024.pdf
OTUSANYA TAIWO NIYI,"Team Member, Corporate Services",PURCHASES OF SHARES,"87,354",17.00,"November 15, 2024",1445,False,UCAP,2024-11-18T09:35:02Z,https://doclib.ngxgroup.com/Financial_NewsDocs/176_NOTICE_OF_INSIDER_DEALING-_PURCHASES_-_OTUSANYA_TAIWO_NIYI_-_15_NOVEMBER_2024.pdf
BASHUA GBENGA ODUNAYO,Regional Administrative Officer,PURCHASE OF SHARES,"2,531",16.90,"November 15, 2024",1445,False,UCAP,2024-11-18T09:30:01Z,https://doclib.ngxgroup.com/Financial_NewsDocs/176_NOTICE_OF_INSIDER_DEALING-PURCHASE-_BASHUA_GBENGA_ODUNAYO_-15.11.2024.pdf
BADMUS MICHAEL KAYODE,"Team Lead, Operations",PURCHASE OF SHARES,"14,096",16.92,"November 15, 2024",1437,False,UCAP,2024-11-18T09:25:36Z,https://doclib.ngxgroup.com/Financial_NewsDocs/176_NOTICE_OF_INSIDER_DEALING-PURCHASE-_BADMUS_MICHAEL_KAYODE_-15.11.2024.pdf
ABAFOR ARINZE PRAISE,"TM, Trade & Investment",PURCHASE OF SHARES,"5,115",16.95,"November 15, 2024",1436,False,UCAP,2024-11-18T09:25:04Z,https://doclib.ngxgroup.com/Financial_NewsDocs/176_NOTICE_OF_INSIDER_DEALING-PURCHASE-_ABAFOR_ARINZE_PRAISE_-15.11.2024.pdf
,Employee of Aradel Holdings PLC,Purchase of Aradel shares,,,"November 14th, 2024",1375,False,ARADEL,2024-11-15T16:50:04Z,https://doclib.ngxgroup.com/Financial_NewsDocs/252_Notification_of_Insider_Dealing_-_Dipo_Akinbode.pdf
,Employee of Aradel Holdings PLC,Purchase of Aradel shares,,,"November 14th, 2024",1368,False,ARADEL,2024-11-15T16:27:15Z,https://doclib.ngxgroup.com/Financial_NewsDocs/252_Notification_of_Insider_Dealing_-_Daniel_Ajarh.pdf
,Employee of Aradel Holdings PLC,Purchase of Aradel shares,,,"November 14th, 2024",1382,False,ARADEL,2024-11-15T16:25:03Z,https://doclib.ngxgroup.com/Financial_NewsDocs/252_Notification_of_Insider_Dealing_-_Oluwatosin_Ayandare_-_2.pdf
,Employee of Aradel Holdings PLC,Purchase of Aradel shares,,,"November 13th, 2024",1373,False,ARADEL,2024-11-15T16:10:02Z,https://doclib.ngxgroup.com/Financial_NewsDocs/252_Notification_of_Insider_Dealing_-_Nathaniel_Osawe.pdf
,Connected person to employee of Aradel Holdings PLC,Purchase of Aradel shares,,,"November 12th, 2024",1404,False,ARADEL,2024-11-15T13:20:02Z,https://doclib.ngxgroup.com/Financial_NewsDocs/252_Notification_of_Insider_Dealing_-_Folafoluwa_Tairaoluwa_Taiwo.pdf
,Employee of Aradel Holdings PLC,Purchase of Aradel shares,,,"November 8th, 2024",1380,False,ARADEL,2024-11-15T13:05:01Z,https://doclib.ngxgroup.com/Financial_NewsDocs/252_Notification_of_Insider_Dealing_-_Oluwatosin_Ayandare.pdf
OLODUN EMMANUEL OLADEJO,Equity Trader,SALES OF SHARES,"50,000",17.55,"November 14,2024",1467,False,UCAP,2024-11-15T07:35:33Z,https://doclib.ngxgroup.com/Financial_NewsDocs/176_NOTICE_OF_INSIDER_DEALING-SALES-_OLODUN_EMMANUEL_OLADEJO_-_14.11.2024.pdf
NWAIWU TINA ONYINYECHI,"Head of Sales, UCEE MFB",PURCHASE OF SHARES,"60,000",17.65,"November 14, 2024",1439,False,UCAP,2024-11-15T07:35:02Z,https://doclib.ngxgroup.com/Financial_NewsDocs/176_NOTICE_OF_INSIDER_DEALING-_PURCHASE-_NWAIWU_TINA_ONYINYECHI_-_14_NOVEMBER_2024.pdf
ARTROL INVESTMENT COMPANY LIMITED,RELATED PARTY TO PETER ASHADE,PURCHASE OF SHARES,"2,000,000",16.93,"November 14, 2024",1463,False,UCAP,2024-11-15T07:30:02Z,https://doclib.ngxgroup.com/Financial_NewsDocs/176_NOTICE_OF_INSIDER_DEALING-PURCHASE-_ARTROL_INVESTMENT_COMPANY_LIMITED_-14.11.2024.pdf
NWAIWU TINA ONYINYECHI,"Head of Sales, UCEE MFB",PURCHASE OF SHARES,"240,000",16.25,"November 13, 2024",1441,False,UCAP,2024-11-14T14:50:33Z,https://doclib.ngxgroup.com/Financial_NewsDocs/176_NOTICE_OF_INSIDER_DEALING-_PURCHASE-_NWAIWU_TINA_ONYINYECHI-13_NOVEMBER_2024.pdf
OKE YETUNDE OLOLADE,Collection & Recovery Officer,PURCHASE OF SHARES,"14,200",16.05,"November 13, 2024",1442,False,UCAP,2024-11-14T14:50:02Z,https://doclib.ngxgroup.com/Financial_NewsDocs/176_NOTICE_OF_INSIDER_DEALING-_PURCHASE-_OKE_YETUNDE_OLOLADE_-13_NOVEMBER_2024.pdf
ARTROL INVESTMENT COMPANY LIMITED,RELATED PARTY TO PETER ASHADE,PURCHASE OF SHARES,"1,500,000",16.20,"November 13, 2024",1461,False,UCAP,2024-11-14T14:45:01Z,https://doclib.ngxgroup.com/Financial_NewsDocs/176_NOTICE_OF_INSIDER_DEALING-PURCHASE-_ARTROL_INVESTMENT_COMPANY_LIMITED_-13.11.2024_LATEST.pdf
OGUNTOYE TOLU DAVID,Finance Controller,PURCHASE OF SHARES,"30,872",16.10,"November 13, 2024",1431,False,UCAP,2024-11-14T14:40:02Z,https://doclib.ngxgroup.com/Financial_NewsDocs/176_NOTICE_OF_INSIDER_DEALING-_PURCHASE-_OGUNTOYE_TOLU_DAVID_-13_NOVEMBER_2024.pdf
ABAFOR ARINZE PRAISE,"TM, Trade & Investment",PURCHASE OF SHARES,"1,503",16.25,"November 13, 2024",1436,False,UCAP,2024-11-14T14:35:02Z,https://doclib.ngxgroup.com/Financial_NewsDocs/176_NOTICE_OF_INSIDER_DEALING-PURCHASE-_ABAFOR_ARINZE_PRAISE_-13.11.2024.pdf
ARTROL INVESTMENT COMPANY LIMITED,RELATED PARTY TO PETER ASHADE,PURCHASE OF SHARES,"11,500,000",15.22,"November 12, 2024",1461,False,UCAP,2024-11-13T12:05:03Z,https://doclib.ngxgroup.com/Financial_NewsDocs/176_NOTICE_OF_INSIDER_DEALING-PURCHASE-_ARTROL_INVESTMENT_COMPANY_LIMITED_-12.11.2024.pdf
ABAFOR ARINZE PRAISE,"TM, Trade & Investment",PURCHASE OF SHARES,"2,484",16.00,"November 12, 2024",1436,False,UCAP,2024-11-13T09:05:02Z,https://doclib.ngxgroup.com/Financial_NewsDocs/176_NOTICE_OF_INSIDER_DEALING-PURCHASE-_ABAFOR_ARINZE_PRAISE_-_12.11.2024.pdf
ONYEMA AMAOBI JOSEPH,"Head, Enterprise Performance Management",PURCHASE OF SHARES,"300,000",14.60,"November 12, 2024",1456,False,UCAP,2024-11-13T09:00:02Z,https://doclib.ngxgroup.com/Financial_NewsDocs/176_NOTICE_OF_INSIDER_DEALING-PURCHASE-_ONYEMA_AMAOBI_JOSEPH_-12.11.2024.pdf
Nnorom Uchechukwu Henry,Business Operations Performance Associate,PURCHASE OF SHARES,"46,500",15.50,"November 12, 2024",1458,False,UCAP,2024-11-13T08:55:03Z,https://doclib.ngxgroup.com/Financial_NewsDocs/176_NOTICE_OF_INSIDER_DEALING-_PURCHASE-_NNOROM_UCHECHUKWU_HENRY_-_12_NOVEMBER_2024.pdf
Asabor Sunday Ide,"Head, Project Finance",PURCHASE OF SHARES,"450,000",16.50,"November 12, 2024",1434,False,UCAP,2024-11-13T08:50:37Z,https://doclib.ngxgroup.com/Financial_NewsDocs/176_NOTICE_OF_INSIDER_DEALING-_PURCHASE-_ASABOR_SUNDAY_IDE_-_12_NOVEMBER_2024.pdf
IJEOMA ONYEMA KAREN,Financial Controller,PURCHASE OF SHARES,81,16.00,"November 12, 2024",1426,False,UCAP,2024-11-13T08:50:06Z,https://doclib.ngxgroup.com/Financial_NewsDocs/176_NOTICE_OF_INSIDER_DEALING-PURCHASE-_IJEOMA_ONYEMA_KAREN_-_12.11.2024.pdf
,Employee of Aradel Holdings PLC,Purchase of Aradel shares,,,"November 8th, 2024",1374,False,ARADEL,2024-11-12T11:40:02Z,https://doclib.ngxgroup.com/Financial_NewsDocs/252_Notification_of_Insider_Dealing_-_Babatunde_Odeyemi_-_2.pdf
,Close family relative to an Employee of Aradel Holdings PLC,Purchase of Aradel shares,,,"November 8th, 2024",1414,False,ARADEL,2024-11-12T11:30:02Z,https://doclib.ngxgroup.com/Financial_NewsDocs/252_Notification_of_Insider_Dealing_-_Adeleye_Falade_3_-_11.11.2024.pdf
,,,,,,0,True,ZENITHBANK,2024-11-12T11:20:04Z,https://doclib.ngxgroup.com/Financial_NewsDocs/198_ZBPLC_Shares_Dealing_Insider_-_Dr_Adaora_Umeoji.pdf
OLODUN EMMANUEL OLADEJO,Equity Trader,SALES OF SHARES,"40,000",16.15,"November 11,2024",1467,False,UCAP,2024-11-12T07:55:03Z,https://doclib.ngxgroup.com/Financial_NewsDocs/176_NOTICE_OF_INSIDER_DEALING-SALES-_OLODUN_EMMANUEL_OLADEJO_-_11.11.2024.pdf
,SUBSTANTIAL SHAREHOLDER,Purchase of shares,,,31/10/2024,2127,False,TIP,2024-11-11T15:00:02Z,https://doclib.ngxgroup.com/Financial_NewsDocs/207_AFOLAYAN_Sharedealing_of_31st_October.pdf
,SUBSTANTIAL SHAREHOLDER,Purchase of shares,,,30/10/2024,2135,False,TIP,2024-11-11T14:50:03Z,https://doclib.ngxgroup.com/Financial_NewsDocs/207_AFOLAYAN_Sharedealing_of_30th_October.pdf
,Close family relative to an Employee of Aradel Holdings PLC,Purchase of Aradel shares,,,"November 7th, 2024",1399,False,ARADEL,2024-11-08T16:50:01Z,https://doclib.ngxgroup.com/Financial_NewsDocs/252_Notification_of_Insider_Dealing_-_Adeleye_Falade_2.pdf
,Close family relative to an Employee of Aradel Holdings PLC,Purchase of Aradel shares,,,"November 7th, 2024",1412,False,ARADEL,2024-11-08T16:45:04Z,https://doclib.ngxgroup.com/Financial_NewsDocs/252_Notification_of_Insider_Dealing_-_Adeniun_Folasade_Taiwo.pdf
,Close family relative to an Employee of Aradel Holdings,Purchase of Aradel shares,,,"November 5th, 2024",1622,False,ARADEL,2024-11-08T16:00:02Z,https://doclib.ngxgroup.com/Financial_NewsDocs/252_Notification_of_Insider_Dealing_-_Adeleye_Falade.pdf
,Employee of Aradel Holdings PLC,Purchase of Aradel shares,,,"November 7th, 2024",1374,False,ARADEL,2024-11-08T15:45:03Z,https://doclib.ngxgroup.com/Financial_NewsDocs/252_Notification_of_Insider_Dealing_-_Adegbite_Falade.pdf
TONY-OKONTA EKENE,Portfolio Analyst,SALES OF SHARES,"6,000",17.75,"November 7,2024",1467,False,UCAP,2024-11-08T12:50:01Z,https://doclib.ngxgroup.com/Financial_NewsDocs/176_NOTICE_OF_INSIDER_DEALING-SALES-TONY-OKONTA_EKENE-_07.11.2024.pdf
FOLAHAN EZEKIEL ADEKUNLE,Trust Finance,PURCHASE OF SHARES,"6,000",17.85,"November 7, 2024",1428,False,UCAP,2024-11-08T12:45:03Z,https://doclib.ngxgroup.com/Financial_NewsDocs/176_NOTICE_OF_INSIDER_DEALING-PURCHASE-_FOLAHAN_EZEKIEL_ADEKUNLE_-_07.11.2024.pdf
ERURU LYNDA,Fund Accountant,PURCHASE OF SHARES,"12,000",17.50,"November 6,2024",1458,False,UCAP,2024-11-07T08:25:03Z,https://doclib.ngxgroup.com/Financial_NewsDocs/176_NOTICE_OF_INSIDER_DEALING_-_PURCHASE_-_ERURU_LYNDA_-_06.11.2024.pdf
IJEOMA ONYEMA KAREN,Financial Controller,PURCHASE OF SHARES,"5,100",17.70,"November 6, 2024",1430,False,UCAP,2024-11-07T08:20:04Z,https://doclib.ngxgroup.com/Financial_NewsDocs/176_NOTICE_OF_INSIDER_DEALING_-_PURCHASE_-_IJEOMA_ONYEMA_KAREN_-6.11.2024.pdf
,Employee of Aradel Holdings PLC,Purchase of Aradel shares,,,"November 4th, 2024",1375,False,ARADEL,2024-11-07T07:50:02Z,https://doclib.ngxgroup.com/Financial_NewsDocs/252_Notification_of_Dealing_-_Babatunde_Odeyemi.pdf
,Employee of Aradel Holdings PLC,Purchase of Aradel shares,,,"November 5th, 2024",1382,False,ARADEL,2024-11-07T07:40:08Z,https://doclib.ngxgroup.com/Financial_NewsDocs/252_Notification_of_Dealing_-_Temitayo_Ogunbanjo.pdf
NNOROM UCHECHUKWU HENRY,Business Operations Performance Associate,SALES OF SHARES,"31,500",18,"November 5,2024",1491,False,UCAP,2024-11-06T12:15:03Z,https://doclib.ngxgroup.com/Financial_NewsDocs/176_NOTICE_OF_INSIDER_DEALING-SALES-NNOROM_UCHECHUKWU_HENRY-05.11.2024.pdf
NWEKE CHIAMAKA CORDELIA,Trust Finance,PURCHASE OF SHARES,"20,000",17.40,"November 5, 2024",1429,False,UCAP,2024-11-06T11:35:02Z,https://doclib.ngxgroup.com/Financial_NewsDocs/176_NOTICE_OF_INSIDER_DEALING-PURCHASE-_NWEKE_CHIAMAKA_CORDELIA_-5.11.2024.pdf
CHIDOZIE EDITH,Finance Advisor,PURCHASE OF SHARES,"85,250",17.35,"November 5, 2024",1423,False,UCAP,2024-11-06T11:20:04Z,https://doclib.ngxgroup.com/Financial_NewsDocs/176_NOTICE_OF_INSIDER_DEALING-PURCHASE-_CHIDOZIE_EDITH_-5.11.2024.pdf
,UAC Employee,,,,,2605,False,UACN,2024-11-05T04:25:03Z,https://doclib.ngxgroup.com/Financial_NewsDocs/173_Crystalisation_of_Value_Creation_Plan_-_VU.pdf
,UAC Employee,,,,,2602,False,UACN,2024-11-05T04:20:02Z,https://doclib.ngxgroup.com/Financial_NewsDocs/173_Crystalisation_of_Value_Creation_Plan_-_UO.pdf
,UAC Employee,,,,,2613,False,UACN,2024-11-05T04:15:33Z,https://doclib.ngxgroup.com/Financial_NewsDocs/173_Crystalisation_of_Value_Creation_Plan_-_TEMITOPS.pdf
,UAC Employee,,,,,2606,False,UACN,2024-11-05T04:15:02Z,https://doclib.ngxgroup.com/Financial_NewsDocs/173_Crystalisation_of_Value_Creation_Plan_-_TO.pdf
,UAC Employee,,,,,2610,False,UACN,2024-11-05T04:10:02Z,https://doclib.ngxgroup.com/Financial_NewsDocs/173_Crystalisation_of_Value_Creation_Plan_-_SA.pdf
,UAC Employee,,,,,2615,False,UACN,2024-11-05T04:05:33Z,https://doclib.ngxgroup.com/Financial_NewsDocs/173_Crystalisation_of_Value_Creation_Plan_-_SM.pdf
,UAC Employee,,,,,2622,False,UACN,2024-11-05T04:05:01Z,https://doclib.ngxgroup.com/Financial_NewsDocs/173_Crystalisation_of_Value_Creation_Plan_-_RO.pdf
,UAC Employee,,,,,2622,False,UACN,2024-11-04T22:15:33Z,https://doclib.ngxgroup.com/Financial_NewsDocs/173_Crystalisation_of_Value_Creation_Plan_-_ORA.pdf
,Employee,,,,,2623,False,UACN,2024-11-04T22:15:01Z,https://doclib.ngxgroup.com/Financial_NewsDocs/173_Crystalisation_of_Value_Creation_Plan_-_VE.pdf
,UAC Employee,,,,,2625,False,UACN,2024-11-04T22:05:02Z,https://doclib.ngxgroup.com/Financial_NewsDocs/173_Crystalisation_of_Value_Creation_Plan_-_OLA.pdf
,UAC Employee,,,,,2624,False,UACN,2024-11-04T22:00:02Z,https://doclib.ngxgroup.com/Financial_NewsDocs/173_Crystalisation_of_Value_Creation_Plan_-_OC.pdf
,UAC Employee,,,,,2626,False,UACN,2024-11-04T21:55:33Z,https://doclib.ngxgroup.com/Financial_NewsDocs/173_Crystalisation_of_Value_Creation_Plan_-_OA.pdf
,UAC Employee,,,,,2626,False,UACN,2024-11-04T21:55:01Z,https://doclib.ngxgroup.com/Financial_NewsDocs/173_Crystalisation_of_Value_Creation_Plan_-_OO.pdf
,UAC Employee,,,,,2626,False,UACN,2024-11-04T21:40:02Z,https://doclib.ngxgroup.com/Financial_NewsDocs/173_Crystalisation_of_Value_Creation_Plan_-_OI.pdf
,UAC Employee,,,,,2619,False,UACN,2024-11-04T21:25:03Z,https://doclib.ngxgroup.com/Financial_NewsDocs/173_Crystalisation_of_Value_Creation_Plan_-_MO.pdf
,UAC Employee,,,,,2621,False,UACN,2024-11-04T21:20:02Z,https://doclib.ngxgroup.com/Financial_NewsDocs/173_Crystalisation_of_Value_Creation_Plan_-_IN.pdf
,UAC Employee,,,,,2623,False,UACN,2024-11-04T21:10:03Z,https://doclib.ngxgroup.com/Financial_NewsDocs/173_Crystalisation_of_Value_Creation_Plan_-_GO.pdf
,Employee,,,,,2614,False,UACN,2024-11-04T21:05:02Z,https://doclib.ngxgroup.com/Financial_NewsDocs/173_Crystalisation_of_Value_Creation_Plan_-_EO.pdf
,Employee,,,,,2617,False,UACN,2024-11-04T20:45:02Z,https://doclib.ngxgroup.com/Financial_NewsDocs/173_Crystalisation_of_Value_Creation_Plan_-_DD.pdf
,Employee,,,,,2610,False,UACN,2024-11-04T20:40:02Z,https://doclib.ngxgroup.com/Financial_NewsDocs/173_Crystalisation_of_Value_Creation_Plan_-_CO.pdf
,Employee,,,,,2619,False,UACN,2024-11-04T20:30:02Z,https://doclib.ngxgroup.com/Financial_NewsDocs/173_Crystalisation_of_Value_Creation_Plan_-_CU.pdf
,UAC Employee,,,,,1837,False,UACN,2024-11-04T20:20:03Z,https://doclib.ngxgroup.com/Financial_NewsDocs/173_Crystalisation_of_Value_Creation_Plan_-_BOK.pdf
,UAC Employee,,,,,2606,False,UACN,2024-11-04T19:55:04Z,https://doclib.ngxgroup.com/Financial_NewsDocs/173_Crystalisation_of_Value_Creation_Plan_-_AAJ.pdf
,UAC Employee,,,,,2605,False,UACN,2024-11-04T19:00:02Z,https://doclib.ngxgroup.com/Financial_NewsDocs/173_Crystalisation_of_Value_Creation_Plan_-_AA.pdf
,UAC Employee,,,,,2610,False,UACN,2024-11-04T18:40:03Z,https://doclib.ngxgroup.com/Financial_NewsDocs/173_Crystalisation_of_Value_Creation_Plan_-_AO.pdf
Saheed Lasisi,Executive Director,Stock/Share Purchase,,,27/09/2024,1326,False,NAHCO,2024-11-04T14:15:03Z,https://doclib.ngxgroup.com/Financial_NewsDocs/114_NAHCO_PLC_-_Notification_of_Share_Dealing_by_Insider_SL-27924.pdf
BABATUNDE (BABS) JOLAYEMI OMOTOWA,"INDEPENDENT NON EXECUTIVE DIRECTOR, STANBIC IBTC HOLDINGS",Purchase of Shares,,,01 & 04 NOVEMBER 2024,1891,False,STANBIC,2024-11-04T12:25:02Z,https://doclib.ngxgroup.com/Financial_NewsDocs/160_Notification_of_Insider_Dealing_-04_November_2024_-_Babs_Omotowa.pdf
OBIOGBOLU AKOSA,Head of Operations,PURCHASE OF SHARES,"10,000",18.10,"November 01, 2024",1427,False,UCAP,2024-11-02T19:55:08Z,https://doclib.ngxgroup.com/Financial_NewsDocs/176_NOTICE_OF_INSIDER_DEALING-_PURCHASE-_OBIOGBOLU_AKOSA_-01_NOVEMBER_2024.pdf
,,,,,,0,True,ZENITHBANK,2024-11-01T15:50:02Z,https://doclib.ngxgroup.com/Financial_NewsDocs/198_QUANTUM_ZENITH_SECURITITES__1.pdf
,,,,,,0,True,ZENITHBANK,2024-11-01T15:45:03Z,https://doclib.ngxgroup.com/Financial_NewsDocs/198_QUANTUM_ZENITH_SECURITITES__2.pdf
BODE-ARIBISALA ADEDUNKE TOLULOPE,"Head, Client and Channel Coverage",PURCHASE OF SHARES,"26,500",18.30,"October 31, 2024",1457,False,UCAP,2024-10-31T17:15:02Z,https://doclib.ngxgroup.com/Financial_NewsDocs/176_NOTICE_OF_INSIDER_DEALING-_PURCHASE-_BODE-ARIBISALA_ADEDUNKE_TOLULOPE_-31_OCTOBER_2024.pdf
FOLAHAN EZEKIEL ADEKUNLE,"Head, Trust Finance",PURCHASE OF SHARES,"39,000",18.24,"October 31, 2024",1435,False,UCAP,2024-10-31T17:10:02Z,https://doclib.ngxgroup.com/Financial_NewsDocs/176_NOTICE_OF_INSIDER_DEALING-_PURCHASE-_FOLAHAN_EZEKIEL_ADEKUNLE_-_31_OCTOBER_2024.pdf
,Managing Director/Chief Executive Officer,Purchase of Shares,,,28,1153,False,BUACEMENT,2024-10-30T14:00:03Z,https://doclib.ngxgroup.com/Financial_NewsDocs/217_new_Notice_of_Insider_Dealing_-_Yusuf_Binji_-_October.pdf
FOLAHAN EZEKIEL ADEKUNLE,"Head, Trust Finance",PURCHASE OF SHARES,"21,941",18.25,"October 28, 2024",1435,False,UCAP,2024-10-29T07:05:01Z,https://doclib.ngxgroup.com/Financial_NewsDocs/176_NOTICE_OF_INSIDER_DEALING-_PURCHASE-_FOLAHAN_EZEKIEL_ADEKUNLE_-28_OCTOBER_2024.pdf
OGUNTOYE TOLU DAVID,Finance Controller,PURCHASE OF SHARES,"3,500",18.30,"October 28, 2024",1427,False,UCAP,2024-10-29T07:00:33Z,https://doclib.ngxgroup.com/Financial_NewsDocs/176_NOTICE_OF_INSIDER_DEALING-_PURCHASE-_OGUNTOYE_TOLU_DAVID_-28_OCTOBER_2024.pdf
TITILOYE BOLARINWA OLUWAFIKAYO,"Head, Institutional Trust",PURCHASE OF SHARES,548,18.30,"October 28, 2024",1441,False,UCAP,2024-10-29T07:00:02Z,https://doclib.ngxgroup.com/Financial_NewsDocs/176_NOTICE_OF_INSIDER_DEALING-_PURCHASE-_TITILOYE_BOLARINWA_OLUWAFIKAYO_-_28_OCTOBER_2024.pdf
TITILOYE BOLARINWA OLUWAFIKAYO,"Head, Institutional Trust",PURCHASE OF SHARES,"7,024",18.25,"October 25, 2024",1445,False,UCAP,2024-10-28T11:11:04Z,https://doclib.ngxgroup.com/Financial_NewsDocs/176_NOTICE_OF_INSIDER_DEALING-_PURCHASE-_TITILOYE_BOLARINWA_OLUWAFIKAYO_-_25_OCTOBER_2024.pdf
,Relative of a Non-Executive Director of the Bank,Purchase of Shares,,,"October 22, 2024",1581,False,UBA,2024-10-25T09:20:01Z,https://doclib.ngxgroup.com/Financial_NewsDocs/175_Notification_Of_Share_Dealing_By_Insider_-_Nnorom_Ugochi_Ngozi.pdf
,Relative of a Non-Executive Director of the Bank,Purchase of Shares,,,"October 22, 2024",1588,False,UBA,2024-10-25T09:15:02Z,https://doclib.ngxgroup.com/Financial_NewsDocs/175_Notification_Of_Share_Dealing_By_Insider_-_Nnorom_Kelechi_Emmanuel.pdf
OMOJUYIGBE SUNDAY TIMOTHY,"Relative of OMOJUYIGBE OPEYEMI, Head Retail, Northern Region",SALES OF SHARES,"31,500",18,"October 24,2024",1517,False,UCAP,2024-10-24T21:10:02Z,https://doclib.ngxgroup.com/Financial_NewsDocs/176_NOTICE_OF_INSIDER_DEALING-SALES-OMOJUYIGBE_SUNDAY_TIMOTHY-24.10.2024.pdf
BADMUS MICHAEL KAYODE,"Team Lead, Operations",PURCHASE OF SHARES,"2,400",18.30,"October 22, 2024",1432,False,UCAP,2024-10-22T19:05:04Z,https://doclib.ngxgroup.com/Financial_NewsDocs/176_NOTICE_OF_INSIDER_DEALING-PURCHASE-_BADMUS_MICHAEL_KAYODE_-22.10.2024.pdf
,Shareholder holding above 5%,Sale of Shares (to provide liquidity for the listing of,,,•,1574,False,ARADEL,2024-10-22T14:19:29Z,https://doclib.ngxgroup.com/Financial_NewsDocs/Aradel_-_Share_Dealing_by_CAPE.pdf
UNUIGBOJE RITA A,"Group Head, Operations",PURCHASE OF SHARES,"54,000",18.45,"October 18, 2024",1431,False,UCAP,2024-10-21T17:40:04Z,https://doclib.ngxgroup.com/Financial_NewsDocs/176_NOTICE_OF_INSIDER_DEALING-_PURCHASES_-_UNUIGBOJE_RITA_A_-18_OCTOBER_2024.pdf
TONY OKONTA EKENE,Portfolio Analyst,SALES OF SHARES,"4,840",18.70,"October 17, 2024",1421,False,UCAP,2024-10-18T08:45:02Z,"https://doclib.ngxgroup.com/Financial_NewsDocs/176_NOTICE_OF_INSIDER_DEALING-_SALE-_TONY_OKONTA_EKENE_-_OCTOBER_17,_2024.pdf"
OKE YETUNDE OLOLADE,Collection & Recovery Officer,SALES OF SHARES,"5,500",18.60,"October 17, 2024",1435,False,UCAP,2024-10-18T08:40:07Z,https://doclib.ngxgroup.com/Financial_NewsDocs/176_NOTICE_OF_INSIDER_DEALING-_SALE-_OKE_YETUNDE_OLOLADE_-17_OCTOBER_2024.pdf
,SUBSTANTIAL SHAREHOLDER,Purchase of Holdings,,,25/09/2024,2131,False,TIP,2024-10-04T14:25:02Z,https://doclib.ngxgroup.com/Financial_NewsDocs/207_AFOLAYAN_Sharedealing_of_25th_Sept.pdf
,SUBSTANTIAL SHAREHOLDER,Sale of Holdings,,,24/09/2024,2116,False,TIP,2024-10-04T14:15:02Z,https://doclib.ngxgroup.com/Financial_NewsDocs/207_AFOLAYAN_Sharedealing_of_24th_Sept.pdf
,SUBSTANTIAL SHAREHOLDER,Sale of Holdings,,,24/09/2024,2119,False,TIP,2024-10-04T14:10:03Z,https://doclib.ngxgroup.com/Financial_NewsDocs/207_RICHGATE_Sharedealing_of_24th_Sept.pdf
CARDINALSTONE PARTNERS LIMITED/IMD,Substantial Shareholder,Purchase of Nigerian Exchange Group Shares,,,"September 26 & 27, 2024",1750,False,NGXGROUP,2024-10-02T11:05:02Z,https://doclib.ngxgroup.com/Financial_NewsDocs/236_NGX_Group_Share_Dealing_Notification_-_CardinalStone_Partners_Limited.pdf
BELLO TOSIN MORENIKE,Head of Corporate Services,PURCHASE OF SHARES,600,18.35,"September 30, 2024",1436,False,UCAP,2024-10-02T08:50:03Z,https://doclib.ngxgroup.com/Financial_NewsDocs/176_NOTICE_OF_INSIDER_DEALING-_PURCHASE-_BELLO_TOSIN_MORENIKE_-_30_SEPTEMBER_2024.pdf
Saheed Lasisi,Executive Director,,,,26/09/2024,1132,False,NAHCO,2024-10-02T02:05:07Z,https://doclib.ngxgroup.com/Financial_NewsDocs/114_NAHCO_PLC_-_Notification_of_Share_Dealing_by_Insider_SL_9.pdf
,Board Chairman,"Purchase of shares by Tierce Investments Limited, a company",,,,2668,False,SEPLAT,2024-09-27T17:14:32Z,https://doclib.ngxgroup.com/Financial_NewsDocs/42209_SEPLAT_ENERGY_PLC-NOTIFICATION_OF_SHARE_DEALING_BY_PDMR_-_SEPLAT_ENERGY_PLC_CORPORATE_ACTIONS_SEPTEMBER_2024.pdf
CHIDOZIE EDITH O.,Finance Supervisor,PURCHASE OF SHARES,"21,829",18.00,"September 26, 2024",1429,False,UCAP,2024-09-27T08:41:02Z,https://doclib.ngxgroup.com/Financial_NewsDocs/176_NOTICE_OF_INSIDER_DEALING-_PURCHASE-_CHIDOZIE_EDITH_O._-_26_SEPTEMBER_2024.pdf
Saheed Lasisi,Executive Director,,,,24 &25/09/2024,1137,False,NAHCO,2024-09-26T16:50:03Z,https://doclib.ngxgroup.com/Financial_NewsDocs/114_NAHCO_PLC_-_Notification_of_Share_Dealing_by_Insider_SL9.pdf
CHIDOZIE EDITH O.,Finance Supervisor,PURCHASE OF SHARES,"64,060",18.05,"September 25, 2024",1433,False,UCAP,2024-09-26T09:30:01Z,https://doclib.ngxgroup.com/Financial_NewsDocs/176_NOTICE_OF_INSIDER_DEALING-_PURCHASE-_CHIDOZIE_EDITH_O._-_25_SEPTEMBER_2024.pdf
,SUBSTANTIAL SHAREHOLDER,Sale of Shares,,,19/09/2024,2117,False,TIP,2024-09-25T14:11:23Z,https://doclib.ngxgroup.com/Financial_NewsDocs/207_AFOLAYAN_Sharedealing_of_19th_Sept.pdf
,SUBSTANTIAL SHAREHOLDER,Sale of Shares,,,19/09/2024,2122,False,TIP,2024-09-25T14:10:02Z,https://doclib.ngxgroup.com/Financial_NewsDocs/207_RICHGATE_Shareholding_of_19th_Sept.pdf
CHIDOZIE EDITH O.,Finance Supervisor,PURCHASE OF SHARES,231,17.95,"September 24, 2024",1427,False,UCAP,2024-09-25T13:45:03Z,https://doclib.ngxgroup.com/Financial_NewsDocs/176_NOTICE_OF_INSIDER_DEALING-_PURCHASE-_CHIDOZIE_EDITH_O._-_24_SEPTEMBER_2024.pdf
,SUBSTANTIAL SHAREHOLDER,Sale of Shares,,,18/09/2024,2118,False,TIP,2024-09-25T08:35:01Z,https://doclib.ngxgroup.com/Financial_NewsDocs/207_RICHGATE_Sharedealing_of_18th_Sept.pdf
,,,,,,1,True,ZENITHBANK,2024-09-24T14:55:03Z,https://doclib.ngxgroup.com/Financial_NewsDocs/198_ZENITH_STAFF_PROVIDENT_FUND_-_24092024_B.pdf
,,,,,,1,True,ZENITHBANK,2024-09-24T14:50:04Z,https://doclib.ngxgroup.com/Financial_NewsDocs/198_ZENITH_STAFF_PROVIDENT_FUND_-_24092024_A.pdf
,SUBSTANTIAL SHAREHOLDER,Sale of Shares,,,17/09/2024,2114,False,TIP,2024-09-23T15:15:02Z,https://doclib.ngxgroup.com/Financial_NewsDocs/207_RICHGATE_Sharedealing_of_17th_Sept.pdf
TITILOYE BOLANRINWA OLUWAFIKAYO,"HEAD, INSTITUTIONAL TRUST",PURCHASE OF SHARES,"2,408",18.30,"September 20, 2024",1451,False,UCAP,2024-09-21T13:00:02Z,https://doclib.ngxgroup.com/Financial_NewsDocs/176_NOTICE_OF_INSIDER_DEALING-_PURCHASE_-_TITILOYE_BOLANRINWA_OLUWAFIKAYO_-20.09.2024_Copy.pdf
,,,,,,1,True,ZENITHBANK,2024-09-20T14:15:02Z,https://doclib.ngxgroup.com/Financial_NewsDocs/198_ZENITH_STAFF_PROVIDENT_FUND_-_20092024_-_B.pdf
,,,,,,1,True,ZENITHBANK,2024-09-20T14:10:02Z,https://doclib.ngxgroup.com/Financial_NewsDocs/198_STAFF_PROVIDENT_FUND_-_20292024_A.pdf
OCHELI SUNDAY ALISTAIR,"NETWORK ADMINISTRATOR, INFORMATION TECHNOLOGY",SALE OF SHARES,"25,000",17.8228,"September 19, 2024",1463,False,UCAP,2024-09-20T08:00:02Z,https://doclib.ngxgroup.com/Financial_NewsDocs/176_NOTICE_OF_INSIDER_DEALING-_SALES_-_OCHELI_SUNDAY_ALISTAIR_-19.09.2024.pdf
TITILOYE BOLANRINWA OLUWAFIKAYO,"HEAD, INSTITUTIONAL TRUST",PURCHASE OF SHARES,"24,964",18,"September 19, 2024",1446,False,UCAP,2024-09-20T07:55:02Z,https://doclib.ngxgroup.com/Financial_NewsDocs/176_NOTICE_OF_INSIDER_DEALING-_PURCHASE_-_TITILOYE_BOLANRINWA_OLUWAFIKAYO_-19.09.2024.pdf
,,,,,,1,True,ZENITHBANK,2024-09-18T11:45:01Z,https://doclib.ngxgroup.com/Financial_NewsDocs/198_ZENITH_STAFF_PROVIDENT_FUND_-_18092024_-_2.pdf
,,,,,,1,True,ZENITHBANK,2024-09-18T11:40:02Z,https://doclib.ngxgroup.com/Financial_NewsDocs/198_ZENITH_STAFF_PROVIDENT_FUND_-_18092024_-_1.pdf
ADEOLA AYODELE EBENEZER,"TEAM LEAD, EXTERNAL RELATIONS & CORE OPERATIONS",SALE OF SHARES,427,17.95,"September 17, 2024",1456,False,UCAP,2024-09-18T08:20:02Z,https://doclib.ngxgroup.com/Financial_NewsDocs/176_NOTICE_OF_INSIDER_DEALING-_SALE-_ADEOLA_AYODELE_EBENEZER_-17_SEPTEMBER_2024.pdf
OBIOGBOLU AKOSA,Head of Operations,SALES OF SHARES,"5,000",18.02,"September 17, 2024",1424,False,UCAP,2024-09-18T08:15:03Z,https://doclib.ngxgroup.com/Financial_NewsDocs/176_NOTICE_OF_INSIDER_DEALING-_SALE-_OBIOGBOLU_AKOSA_-17_SEPTEMBER_2024.pdf
,SUBSTANTIAL SHAREHOLDER,Sale of Shares,,,10/09/2024,2123,False,TIP,2024-09-18T06:55:06Z,https://doclib.ngxgroup.com/Financial_NewsDocs/207_AFOLAYAN_Sharedealing_of_10th_Sept.pdf
,Relative of a Board Member,Purchase of Shares,,,12,1164,False,BUACEMENT,2024-09-17T13:25:01Z,https://doclib.ngxgroup.com/Financial_NewsDocs/217_Notice_of_Insider_Dealing_-_Hauwa_Yusuf_Binji.pdf
,Managing Director/Chief Executive Officer,Purchase of Shares,,,12,1178,False,BUACEMENT,2024-09-17T13:15:02Z,https://doclib.ngxgroup.com/Financial_NewsDocs/217_Notice_of_Insider_Dealing_-_Yusuf_Binji.pdf
,SUBSTANTIAL SHAREHOLDER,Sale of Shares,,,09/09/2024,2111,False,TIP,2024-09-17T12:15:02Z,https://doclib.ngxgroup.com/Financial_NewsDocs/207_Richgate_Sharedealing_of_9th_Sept.pdf
,SUBSTANTIAL SHAREHOLDER,Sale of Shares,,,05/09/2024,2115,False,TIP,2024-09-17T12:10:02Z,https://doclib.ngxgroup.com/Financial_NewsDocs/207_Richgate_Sharedealing_of_5th_Sept.pdf
,SUBSTANTIAL SHAREHOLDER,Sale of Shares,,,05/09/2024,2125,False,TIP,2024-09-17T12:05:04Z,https://doclib.ngxgroup.com/Financial_NewsDocs/207_AFOLAYAN_Saharedealing_of_5th_Sept.pdf
,Managing Director of AIICO Capital Ltd (a,Purchase of Shares,,,"13th September, 2024",1280,False,AIICO,2024-09-13T18:05:04Z,https://doclib.ngxgroup.com/Financial_NewsDocs/15_share_dealing_by_insider-_Femi_Ademola.pdf
,,,,,,1,True,ZENITHBANK,2024-09-13T11:00:03Z,https://doclib.ngxgroup.com/Financial_NewsDocs/198_ZENITH_STAFF_PROVIDENT_FUND_-_12092024_-3.pdf
,,,,,,0,True,ZENITHBANK,2024-09-13T10:55:04Z,https://doclib.ngxgroup.com/Financial_NewsDocs/198_ZENITH_STAFF_PROVIDENT_FUND_-_12092024_-2.pdf
,,,,,,0,True,ZENITHBANK,2024-09-13T10:50:04Z,https://doclib.ngxgroup.com/Financial_NewsDocs/198_ZENITH_STAFF_PROVIDENT_FUND_-_12092024_-1.pdf
Victor Abimbola Olaiya,Non-Executive Director,,,,4/09/2024,1143,False,NAHCO,2024-09-12T15:15:05Z,https://doclib.ngxgroup.com/Financial_NewsDocs/114_NAHCO_PLC_-_Notification_of_Share_Dealing_by_Insider_VO.pdf
OMOTAYO DAMILOLA VICTOR,Team Lead Investment Operation & Settlement,PURCHASE OF SHARES,"50,000",17.90,"September 11, 2024",1464,False,UCAP,2024-09-12T06:50:07Z,https://doclib.ngxgroup.com/Financial_NewsDocs/176_NOTICE_OF_INSIDER_DEALING-_PURCHASE-_OMOTAYO_DAMILOLA_VICTOR_-_11_SEPTEMBER_2024.pdf
,SUBSTANTIAL SHAREHOLDER,Sale of shares,,,04/09/2024,2127,False,TIP,2024-09-11T14:50:02Z,https://doclib.ngxgroup.com/Financial_NewsDocs/207_AFOLAYAN_Sharedealing_of_4th_September.pdf
,SUBSTANTIAL SHAREHOLDER,Sale of shares,,,04/09/2024,2135,False,TIP,2024-09-11T14:45:01Z,https://doclib.ngxgroup.com/Financial_NewsDocs/207_Richgate_Sharedealing_of_4th_Sept.pdf
,SUBSTANTIAL SHAREHOLDER,Sale of shares,,,03/09/2024,2120,False,TIP,2024-09-11T14:40:03Z,https://doclib.ngxgroup.com/Financial_NewsDocs/207_Richgate_Sharedealing_of_3rd_September.pdf
,SUBSTANTIAL SHAREHOLDER,Sale of shares,,,03/09/2024,2122,False,TIP,2024-09-11T11:25:02Z,https://doclib.ngxgroup.com/Financial_NewsDocs/207_AFOLAYAN_Sharedealing_of_3rd_Sept.pdf
,SUBSTANTIAL SHAREHOLDER,Sale of Holdings,,,02/09/2024,2121,False,TIP,2024-09-11T11:20:02Z,https://doclib.ngxgroup.com/Financial_NewsDocs/207_AFOLAYAN_Sharedealing_of_2nd_September.pdf
,SUBSTANTIAL SHAREHOLDER,Sale of shares,,,02/09/2024,2127,False,TIP,2024-09-11T11:15:03Z,https://doclib.ngxgroup.com/Financial_NewsDocs/207_Richgate_Sharedealing_of_2nd_Sept.pdf
OBIOGBOLU AKOSA,Head of Operations,SALES OF SHARES,"1,000",18.00,"September 10, 2024",1424,False,UCAP,2024-09-11T10:10:02Z,https://doclib.ngxgroup.com/Financial_NewsDocs/176_NOTICE_OF_INSIDER_DEALING-_SALE-_OBIOGBOLU_AKOSA_-10_SEPTEMBER_2024.pdf
,,,,,,0,True,ZENITHBANK,2024-09-11T09:55:02Z,https://doclib.ngxgroup.com/Financial_NewsDocs/198_ZENITH_STAFF_PROVIDENT_FUND_10092024_-_SALES_.pdf
,,,,,,1,True,ZENITHBANK,2024-09-11T09:50:02Z,https://doclib.ngxgroup.com/Financial_NewsDocs/198_ZENITH_STAFF_PROVIDENT_FUND_10092024_1.pdf
,,,,,,1,True,ZENITHBANK,2024-09-11T09:45:02Z,https://doclib.ngxgroup.com/Financial_NewsDocs/198_ZENITH_STAFF_PROVIDENT_FUND_10092024_2_.pdf
,SUBSTANTIAL SHAREHOLDER,Purchase of shares,,,29/08/2024,2128,False,TIP,2024-09-10T08:00:03Z,https://doclib.ngxgroup.com/Financial_NewsDocs/207_Afolayan_Sharedealing_of_29th_August.pdf
,SUBSTANTIAL SHAREHOLDER,Sale of shares,,,29/08/2024,2109,False,TIP,2024-09-10T07:55:02Z,https://doclib.ngxgroup.com/Financial_NewsDocs/207_Richgate_Sharedealing_of_29th_August.pdf
,SUBSTANTIAL SHAREHOLDER,Purchase of shares,,,28/08/2024,2135,False,TIP,2024-09-10T07:50:02Z,https://doclib.ngxgroup.com/Financial_NewsDocs/207_Afolayan_Sharedealing_of_28th_August.pdf
,SUBSTANTIAL SHAREHOLDER,Sale of shares,,,28/08/2024,2116,False,TIP,2024-09-10T07:45:04Z,https://doclib.ngxgroup.com/Financial_NewsDocs/207_Richgate_Sharedealing_of_28th_August.pdf
OBIOGBOLU AKOSA,Head of Operations,SALES OF SHARES,"8,000",17.43,"September 09, 2024",1424,False,UCAP,2024-09-09T16:20:02Z,https://doclib.ngxgroup.com/Financial_NewsDocs/176_NOTICE_OF_INSIDER_DEALING-_SALE-_OBIOGBOLU_AKOSA_-_09_SEPTEMBER_2024.pdf
,NON-EXECUTIVE DIRECTOR,BUY,"20,000",29.05,5TH SEPTEMBER 2024,1395,False,ETERNA ,2024-09-07T19:07:27Z,https://doclib.ngxgroup.com/Financial_NewsDocs/ETERNA_-_NOTIFICATION_OF_DIRECTOR_DEALING.pdf
,,,,,,0,True,ZENITHBANK,2024-09-06T17:15:02Z,https://doclib.ngxgroup.com/Financial_NewsDocs/198_MR._CHUKS_EMMA_OKOH_-_1.pdf
,,,,,,0,True,ZENITHBANK,2024-09-06T17:00:04Z,https://doclib.ngxgroup.com/Financial_NewsDocs/198_CHUKS_OKOH_-_05092024.pdf
BELLO TOSIN MORENIKE,Head of Corporate Services,PURCHASE OF SHARES,"7,562",17.20,"September 06, 2024",1440,False,UCAP,2024-09-06T16:00:03Z,https://doclib.ngxgroup.com/Financial_NewsDocs/176_NOTICE_OF_INSIDER_DEALING-_PURCHASE-_BELLO_TOSIN_MORENIKE_-_06_SEPTEMBER_2024.pdf
CHIDOBELU TOOCHUKWU,Business Development Officer,PURCHASE OF SHARES,"150,000",16.85,"September 05, 2024",1445,False,UCAP,2024-09-05T17:10:04Z,https://doclib.ngxgroup.com/Financial_NewsDocs/176_NOTICE_OF_INSIDER_DEALING-_PURCHASE-_CHIDOBELU_TOOCHUKWU_-_05_SEPTEMBER_2024.pdf
BELLO TOSIN MORENIKE,Head of Corporate Services,PURCHASE OF SHARES,"74,197",16.85,"September 05, 2024",1442,False,UCAP,2024-09-05T16:40:02Z,https://doclib.ngxgroup.com/Financial_NewsDocs/176_NOTICE_OF_INSIDER_DEALING-_PURCHASE-_BELLO_TOSIN_MORENIKE_-_05_SEPTEMBER_2024.pdf
OBIOGBOLU AKOSA,Head of Operations,SALES OF SHARES,"7,507",16.90,"September 05, 2024",1424,False,UCAP,2024-09-05T16:35:03Z,https://doclib.ngxgroup.com/Financial_NewsDocs/176_NOTICE_OF_INSIDER_DEALING-_SALE-_OBIOGBOLU_AKOSA_-05_SEPTEMBER_2024.pdf
,SUBSTANTIAL SHAREHOLDER,Sale of shares,,,26/08/2024,2121,False,TIP,2024-09-02T14:40:02Z,https://doclib.ngxgroup.com/Financial_NewsDocs/207_Richgate_Sharedealing_for_26th_August.pdf
SHOMADE KAZEEM OLUWASEGUN,"Team Lead, Strategy & Innovation",SALE OF SHARES,"265,000",18.20,"August 30, 2024",1445,False,UCAP,2024-08-31T12:25:04Z,https://doclib.ngxgroup.com/Financial_NewsDocs/176_NOTICE_OF_INSIDER_DEALING-_SALE-_SHOMADE_KAZEEM_OLUWASEGUN_-30_AUGUST_2024.pdf
Olayinka Jimoh,"Supervisor, Treasury Operations",Sale of Shares,,,,2120,False,MTNN,2024-08-30T17:20:04Z,https://doclib.ngxgroup.com/Financial_NewsDocs/215_MTN_Nigeria_Communications_Plc_Share_Dealing_-_Olayinka_Jimoh_(August_2024).pdf
,SUBSTANTIAL SHAREHOLDER,Sale of shares,,,22/08/2024,2118,False,TIP,2024-08-29T07:30:02Z,https://doclib.ngxgroup.com/Financial_NewsDocs/207_Richgate__Sharedealing_of_22nd_August.pdf
,SUBSTANTIAL SHAREHOLDER,Purchase of sharesHoldings,,,22/08/2024,2131,False,TIP,2024-08-29T07:25:06Z,https://doclib.ngxgroup.com/Financial_NewsDocs/207_AFOLAYAN_Sharedealing_of_22nd_August_2024.pdf
BENGHRA EMMANUEL,Client Advisor,PURCHASE OF SHARES,180,18.40,"August 27, 2024",1414,False,UCAP,2024-08-28T08:05:02Z,https://doclib.ngxgroup.com/Financial_NewsDocs/176_NOTICE_OF_INSIDER_DEALING-_PURCHASE-_BENGHRA_EMMANUEL_-27_AUGUST_2024.pdf
OKE YETUNDE OLOLADE,Collection & Recovery Officer,SALES OF SHARES,"5,000",18.40,"August 27, 2024",1433,False,UCAP,2024-08-28T08:00:07Z,https://doclib.ngxgroup.com/Financial_NewsDocs/176_NOTICE_OF_INSIDER_DEALING-_SALE-_OKE_YETUNDE_OLOLADE_-27_AUGUST_2024.pdf
,SUBSTANTIAL SHAREHOLDER,Sale of Holdings,,,20/08/2024,2126,False,TIP,2024-08-27T14:20:03Z,https://doclib.ngxgroup.com/Financial_NewsDocs/207_AFOLAYAN_Sharedealing_of_20th_August.pdf
ANTHONY RUTH,Business Development Officer,PURCHASE OF SHARES,"11,948",18.20,"August 26, 2024",1430,False,UCAP,2024-08-26T19:20:33Z,https://doclib.ngxgroup.com/Financial_NewsDocs/176_NOTICE_OF_INSIDER_DEALING-_PURCHASE-_ANTHONY_RUTH_-26_AUGUST_2024.pdf
BENGHRA EMMANUEL,Client Advisor,PURCHASE OF SHARES,"1,315",19.00,"August 26, 2024",1418,False,UCAP,2024-08-26T19:20:02Z,https://doclib.ngxgroup.com/Financial_NewsDocs/176_NOTICE_OF_INSIDER_DEALING-_PURCHASE-_BENGHRA_EMMANUEL_-26_AUGUST_2024.pdf
OGUNTOYE TOLU DAVID,Finance Controller,SALES OF SHARES,"5,600",19.52,"August 26, 2024",1422,False,UCAP,2024-08-26T19:15:02Z,https://doclib.ngxgroup.com/Financial_NewsDocs/176_NOTICE_OF_INSIDER_DEALING-_SALE-_OGUNTOYE_TOLU_DAVID_-26_AUGUST_2024.pdf
SHODIPO PETER ADEDAYO,HEAD OF COMPLIANCE,SALE OF SHARES,"56,658",18.17,"August 26, 2024",1425,False,UCAP,2024-08-26T19:10:04Z,https://doclib.ngxgroup.com/Financial_NewsDocs/176_NOTICE_OF_INSIDER_DEALING-_SALE-_PETER_SHODIPO_-26_AUGUST_2024.pdf
,SUBSTANTIAL SHAREHOLDER,Purchase of Holdings,,,19/08/2024,2134,False,TIP,2024-08-26T11:45:03Z,https://doclib.ngxgroup.com/Financial_NewsDocs/207_AFOLAYAN_Sharedealing_of_19th_August.pdf
FAGBENRO MORENIKEJI ABIBAT,Reconciliation Analyst,SALE OF SHARES,"6,200",18.99,"August 23, 2024",1432,False,UCAP,2024-08-23T16:30:03Z,https://doclib.ngxgroup.com/Financial_NewsDocs/176_NOTICE_OF_INSIDER_DEALING-_SALE-_FAGBENRO_MORENIKEJI_ABIBAT_-23_AUGUST_2024.pdf
SHOMADE KAZEEM OLUWASEGUN,"Team Lead, Strategy & Innovation",PURCHASE OF SHARES,"265,000",19.50,"August 23, 2024",1450,False,UCAP,2024-08-23T16:25:02Z,https://doclib.ngxgroup.com/Financial_NewsDocs/176_NOTICE_OF_INSIDER_DEALING-_PURCHASE-_SHOMADE_KAZEEM_OLUWASEGUN_-23_AUGUST_2024.pdf
,SUBSTANTIAL SHAREHOLDER,Sale of Holdings,,,16/08/2024,2119,False,TIP,2024-08-23T08:00:03Z,https://doclib.ngxgroup.com/Financial_NewsDocs/207_RICHGATE_Sharedealing_of_16th_August.pdf
,SUBSTANTIAL SHAREHOLDER,Purchase of Holdings,,,16/08/2024,2134,False,TIP,2024-08-23T07:55:08Z,https://doclib.ngxgroup.com/Financial_NewsDocs/207_AFOLAYAN_Sharedealing_of_16th_August.pdf
HOUESSINON PRISCILLA SENAME,"TM, Trade & Investment",SALE OF SHARES,"40,229",17.50,"August 22, 2024",1435,False,UCAP,2024-08-22T17:40:04Z,https://doclib.ngxgroup.com/Financial_NewsDocs/176_NOTICE_OF_INSIDER_DEALING-_SALE-_HOUESSINON_PRISCILLA_SENAME_-22_AUGUST_2024.pdf
,Substantial Shareholder,Nominal transfer of shares,,,"July 22, 2024",1651,False,CUTIX,2024-08-22T12:15:04Z,https://doclib.ngxgroup.com/Financial_NewsDocs/48_Cutix_Plc_-_Notice_of_Share_Dealing_By_an_Insider_RC_ONYEJE.pdf
,,,,,,400,False,MTNN,2024-08-22T07:25:40Z,https://doclib.ngxgroup.com/Financial_NewsDocs/215_MTN_Nigeria_Communications_Plc_Share_Dealing_-_Chioma_Ike.pdf
SAMFRANCIS OKORO-UDE,Research Analyst,PURCHASE OF SHARES,"4,000",16.80,"August 21, 2024",1424,False,UCAP,2024-08-21T16:15:04Z,https://doclib.ngxgroup.com/Financial_NewsDocs/176_NOTICE_OF_INSIDER_DEALING-_PURCHASE-_UDE_SAMFRANCIS_-_21_AUGUST_2024.pdf
,SUBSTANTIAL SHAREHOLDER,Purchase of Holdings,,,15/08/2024,2140,False,TIP,2024-08-21T14:45:04Z,https://doclib.ngxgroup.com/Financial_NewsDocs/207_AFOLAYAN_Sharedealing_of_15th_August.pdf
,SUBSTANTIAL SHAREHOLDER,Purchase of Holdings,,,14/08/2024,2130,False,TIP,2024-08-21T09:15:02Z,https://doclib.ngxgroup.com/Financial_NewsDocs/207_AFOLAYAN_Sharedealing_of_14th_August.pdf
,SUBSTANTIAL SHAREHOLDER,Sale of Holdings,,,14/08/2024,2118,False,TIP,2024-08-21T09:10:04Z,https://doclib.ngxgroup.com/Financial_NewsDocs/207_RICHGATE_Sharedealing_of_14th_August.pdf
SHOMADE KAZEEM OLUWASEGUN,"Team Lead, Strategy & Innovation",SALES OF SHARES,"204,000",16.05,"August 20, 2024",1446,False,UCAP,2024-08-20T17:40:03Z,https://doclib.ngxgroup.com/Financial_NewsDocs/176_NOTICE_OF_INSIDER_DEALING-_SALES-_SHOMADE_KAZEEM_OLUWASEGUN_-20_AUGUST_2024.pdf
,SUBSTANTIAL SHAREHOLDER,Purchase of Holdings,,,13/08/2024,2127,False,TIP,2024-08-20T08:15:02Z,https://doclib.ngxgroup.com/Financial_NewsDocs/207_AFOLAYAN_Sharedealing_of_13th_August.pdf
,SUBSTANTIAL SHAREHOLDER,Sale of Holdings,,,13/08/2024,2134,False,TIP,2024-08-20T08:10:03Z,https://doclib.ngxgroup.com/Financial_NewsDocs/207_RICHGATE_Sharedealing_of_13th_August.pdf
Victor Abimbola Olaiya,Non-Executive Director,,,,13/08/2024,1141,False,NAHCO,2024-08-16T17:40:04Z,https://doclib.ngxgroup.com/Financial_NewsDocs/114_NAHCO_PLC_-_Notification_of_Share_Dealing_by_Insider_-_VAO.pdf
AKOSA OBIOGBOLU,Head of Operations,PURCHASE OF SHARES,"2,000",15.65,"August 16, 2024",1422,False,UCAP,2024-08-16T15:55:03Z,https://doclib.ngxgroup.com/Financial_NewsDocs/176_NOTICE_OF_INSIDER_DEALING-_PURCHASE-_AKOSA_OBIOGBOLU_-_16_AUGUST_2024.pdf
,SUBSTANTIAL SHAREHOLDER,Purchase of Holdings,,,12/08/2024,2129,False,TIP,2024-08-16T15:25:33Z,https://doclib.ngxgroup.com/Financial_NewsDocs/207_AFOLAYAN_Sharedealing_of_12th_August.pdf
,SUBSTANTIAL SHAREHOLDER,Sale of Holdings,,,12/08/2024,2120,False,TIP,2024-08-16T15:25:02Z,https://doclib.ngxgroup.com/Financial_NewsDocs/207_RICHGATE_Sharedealing_of_12th_August.pdf
,SUBSTANTIAL SHAREHOLDER,Purchase of Holdings,,,09/08/2024,2128,False,TIP,2024-08-16T15:20:03Z,https://doclib.ngxgroup.com/Financial_NewsDocs/207_AFOLAYAN_Sharedealing_of_9th_August.pdf
,SUBSTANTIAL SHAREHOLDER,Sale of Holdings,,,09/08/2024,2121,False,TIP,2024-08-16T15:15:04Z,https://doclib.ngxgroup.com/Financial_NewsDocs/207_RICHGATE_Sharedealing_of_9th_August.pdf
,EXECUTIVE DIRECTOR CORPORATE SERVICES,BUY,"12,200",21.85,13TH AUGUST 2024,1402,False,ETERNA,2024-08-15T16:40:05Z,https://doclib.ngxgroup.com/Financial_NewsDocs/61_DIRECTOR_DEALINGS_-PHOEBEAN_IFEADI_15.08.24-signed.pdf
MBA-UZOUKWU NDUKA,Regional Sector Head (Public and Institutions),SALE OF SHARES,"67,000",15.40,"August 14, 2024",1449,False,UCAP,2024-08-15T07:30:04Z,https://doclib.ngxgroup.com/Financial_NewsDocs/176_NOTICE_OF_INSIDER_DEALING-_SALE_-_MBA-UZOUKWU_NDUKA_-14_AUGUST_2024.pdf
AKOSA OBIOGBOLU,Head of Operations,PURCHASE OF SHARES,"8,681",15.55,"August 13, 2024",1421,False,UCAP,2024-08-13T19:25:02Z,https://doclib.ngxgroup.com/Financial_NewsDocs/176_NOTICE_OF_INSIDER_DEALING-_PURCHASE-_AKOSA_OBIOGBOLU_-_13_AUGUST_2024.pdf
,SUBSTANTIAL SHAREHOLDER,Sale of Holdings,,,07/08/2024,2116,False,TIP,2024-08-13T14:35:03Z,https://doclib.ngxgroup.com/Financial_NewsDocs/207_RICHGATE_Sharedealing_of_7th_August.pdf
,SUBSTANTIAL SHAREHOLDER,Sale of Holdings,,,06/08/2024,2122,False,TIP,2024-08-13T11:00:04Z,https://doclib.ngxgroup.com/Financial_NewsDocs/207_RICHGATE_Sharedealing_of_6th_August.pdf
,SUBSTANTIAL SHAREHOLDER,Purchase of Holdings,,,06/08/2024,2132,False,TIP,2024-08-13T10:55:04Z,https://doclib.ngxgroup.com/Financial_NewsDocs/207_AFOLAYAN_Sharedealing_of_6th_August.pdf
OMOJUYIGBE SUNDAY TIMOTHY,"Spouse of a Staff, Mrs. Omojuyigbe Opeyemi",PURCHASE OF SHARES,"31,500",15.70,"August 12, 2024",1457,False,UCAP,2024-08-13T07:05:02Z,https://doclib.ngxgroup.com/Financial_NewsDocs/176_NOTICE_OF_INSIDER_DEALING-_PURCHASE-_OMOJUYIGBE_SUNDAY_TIMOTHY_-12_AUGUST_2024.pdf
SHODIPO PETER ADEDAYO,HEAD OF COMPLIANCE,PURCHASE OF SHARES,"56,658",16.00,"August 12, 2024",1429,False,UCAP,2024-08-13T07:00:08Z,https://doclib.ngxgroup.com/Financial_NewsDocs/176_NOTICE_OF_INSIDER_DEALING-_PURCHASE-_PETER_SHODIPO_-12_AUGUST_2024.pdf
Adeoye Rafiu Emiloju,Chief Financial Officer,Stock/Share Purchase,,,09/08/2024,1357,False,NAHCO,2024-08-12T18:00:04Z,https://doclib.ngxgroup.com/Financial_NewsDocs/114_NAHCO_PLC_-_Notification_of_Share_Dealing_by_Insider_-_ARE.pdf
Victor Abimbola Olaiya,Non-Executive Director,Stock/Share Purchase,,,09/08/2024,1341,False,NAHCO,2024-08-12T17:55:04Z,https://doclib.ngxgroup.com/Financial_NewsDocs/114_NAHCO_PLC_-_Notification_of_Share_Dealing_by_Insider_VAO.pdf
Nnorom Princess Chinwe,"Relative of a Director, Mr. Emmanuel Nnorom",PURCHASE OF SHARES,"5,000",15.95,"August 9, 2024",1451,False,UCAP,2024-08-10T19:15:39Z,https://doclib.ngxgroup.com/Financial_NewsDocs/176_NOTICE_OF_INSIDER_DEALING-_PURCHASE-_NNOROM_PRINCESS_CHINWE_-09_AUGUST_2024.pdf
Nnorom Chimamanda Florence,"Relative of a Director, Mr. Emmanuel Nnorom",PURCHASE OF SHARES,"10,000",15.95,"August 9, 2024",1457,False,UCAP,2024-08-10T19:15:08Z,https://doclib.ngxgroup.com/Financial_NewsDocs/176_NOTICE_OF_INSIDER_DEALING-_PURCHASE-_NNOROM_CHIMAMANDA_FLORENCE_-9_AUGUST_2024.pdf
GANIAT ADETUTU SIYONBOLA,INDEPENDENT NON-EXECUTIVE DIRECTOR,PURCHASE OF SHARES,,,7/08/2024,1392,False,BUACEMENT,2024-08-09T20:15:02Z,https://doclib.ngxgroup.com/Financial_NewsDocs/217_UPDATED_DIRECTORS_DEALINGS_090824_GA.pdf
PETER SHODIPO,HEAD OF COMPLIANCE,PURCHASE OF SHARES,"56,958",14.50,"August 8, 2024",1420,False,UCAP,2024-08-09T12:50:04Z,https://doclib.ngxgroup.com/Financial_NewsDocs/176_NOTICE_OF_INSIDER_DEALING-_SALES-_PETER_SHODIPO_-08_AUGUST_2024.pdf
OLADELE ABIGAIL OLUWAPELUMI,Portfolio Analyst,PURCHASE OF SHARES,"2,396",16.15,"August 8, 2024",1431,False,UCAP,2024-08-09T12:45:03Z,https://doclib.ngxgroup.com/Financial_NewsDocs/176_NOTICE_OF_INSIDER_DEALING-_PURCHASE_-_OLADELE_ABIGAIL_OLUWAPELUMI_-08_AUGUST_2024.pdf
ASIFAT MARIAN PAMILERIN,Client Support Specialist,PURCHASE OF SHARES,850,15.80,"August 8, 2024",1431,False,UCAP,2024-08-09T12:40:03Z,https://doclib.ngxgroup.com/Financial_NewsDocs/176_NOTICE_OF_INSIDER_DEALING-_PURCHASE_-_ASIFAT_MARIAN_PAMILERIN_-08_AUGUST_2024.pdf
ADETOLA FASUYI,"Head, Wealth Management",PURCHASE OF SHARES,"100,000",15.95,"August 08, 2024",1429,False,UCAP,2024-08-09T12:35:04Z,https://doclib.ngxgroup.com/Financial_NewsDocs/176_NOTICE_OF_INSIDER_DEALING-_PURCHASE-_ADETOLA_FASUYI_-08_AUGUST_2024.pdf
MBA-UZOUKWU NDUKA,Regional Sector Head (Public and Institutions),PURCHASE OF SHARES,"67,000",14.60,"August 8, 2024",1452,False,UCAP,2024-08-09T12:05:36Z,https://doclib.ngxgroup.com/Financial_NewsDocs/176_NOTICE_OF_INSIDER_DEALING-_PURCHASE_-_MBA-UZOUKWU_NDUKA_-08_AUGUST_2024.pdf
HOUESSINON PRISCILLA SENAME,"TM, Trade & Investment",PURCHASE OF SHARES,"24,697",16.10,"August 08, 2024",1438,False,UCAP,2024-08-09T12:05:05Z,https://doclib.ngxgroup.com/Financial_NewsDocs/176_NOTICE_OF_INSIDER_DEALING-_PURCHASE-_HOUESSINON_PRISCILLA_SENAME_-08_AUGUST_2024.pdf
,SUBSTANTIAL SHAREHOLDER,Purchase of Holdings,,,01/08/2024,2134,False,TIP,2024-08-08T14:55:03Z,https://doclib.ngxgroup.com/Financial_NewsDocs/207_AFOLAYAN_Sharedealing_of_1st_August.pdf
EMMANUEL OLODUN,Equity Trader,SALES OF SHARES,"80,000",15.52,"August 7, 2024",1414,False,UCAP,2024-08-08T13:11:05Z,https://doclib.ngxgroup.com/Financial_NewsDocs/176_NOTICE_OF_INSIDER_DEALING-_SALES_-_EMMANUEL_OLODUN_-07_AUGUST_2024.pdf
DAMILOLA BALIKIS JAJI,TRADER,SALES OF SHARES,"6,352",16.10,"August 07, 2024",1411,False,UCAP,2024-08-08T13:10:35Z,https://doclib.ngxgroup.com/Financial_NewsDocs/176_NOTICE_OF_INSIDER_DEALING-_SALES_-_DAMILOLA_BALIKIS_JAJI_-_07_AUGUST_2024.pdf
ALADE ABIDEEN OSUNTAYO,Head Trader,SALES OF SHARES,"200,000",16.10,"August 7, 2024",1421,False,UCAP,2024-08-08T13:10:03Z,https://doclib.ngxgroup.com/Financial_NewsDocs/176_NOTICE_OF_INSIDER_DEALING-_SALES-_ALADE_ABIDEEN_OSUNTAYO_-07_AUGUST_2024.pdf
OKE YETUNDE,Collection & Recovery Officer Ucee MFB,PURCHASE OF SHARES,"10,500",16.07,"August 07, 2024",1438,False,UCAP,2024-08-08T13:05:02Z,https://doclib.ngxgroup.com/Financial_NewsDocs/176_NOTICE_OF_INSIDER_DEALING-_PURCHASE-_OKE_YETUNDE_-07_AUGUST_2024.pdf
ODUKOYA YOMI,Infrastructure Support Engineer,PURCHASE OF SHARES,"1,233",16.10,"August 7, 2024",1429,False,UCAP,2024-08-08T13:00:04Z,https://doclib.ngxgroup.com/Financial_NewsDocs/176_NOTICE_OF_INSIDER_DEALING-_PURCHASE-_ODUKOYA_YOMI_-_07_AUGUST_2024.pdf
OCHELI SUNDAY ALISTAIR,Network Administrator,PURCHASE OF SHARES,"30,843",16.10,"August 07, 2024",1432,False,UCAP,2024-08-08T12:55:01Z,https://doclib.ngxgroup.com/Financial_NewsDocs/176_NOTICE_OF_INSIDER_DEALING-_PURCHASE-_OCHELI_SUNDAY_ALISTAIR_-07_AUGUST_2024.pdf
FAGBENRO MORENIKEJI ABIBAT,Reconciliation Analyst,PURCHASE OF SHARES,"6,200",15.90,"August 07, 2024",1435,False,UCAP,2024-08-08T12:40:02Z,https://doclib.ngxgroup.com/Financial_NewsDocs/176_NOTICE_OF_INSIDER_DEALING-_PURCHASE-_FAGBENRO_MORENIKEJI_ABIBAT_-07_AUGUST_2024.pdf
ANYANWU CYNTHIA CHIAMAKA,Customer Support Specialist,PURCHASE OF SHARES,"18,505",16.10,"August 07, 2024",1440,False,UCAP,2024-08-08T12:35:01Z,https://doclib.ngxgroup.com/Financial_NewsDocs/176_NOTICE_OF_INSIDER_DEALING-_PURCHASE-_ANYANWU_CYNTHIA_CHIAMAKA_-07_AUGUST_2024.pdf
HOUESSINON PRISCILLA SENAME,"TM, Trade & Investment",PURCHASE OF SHARES,"15,532",15.95,"August 07, 2024",1438,False,UCAP,2024-08-08T12:30:03Z,https://doclib.ngxgroup.com/Financial_NewsDocs/176_NOTICE_OF_INSIDER_DEALING-_PURCHASE-_HOUESSINON_PRISCILLA_SENAME_-07_AUGUST_2024.pdf
Nnorom Uchechukwu,Business Operations Performance Associate,PURCHASE OF SHARES,"11,957",16.10,"August 7, 2024",1446,False,UCAP,2024-08-08T12:25:02Z,https://doclib.ngxgroup.com/Financial_NewsDocs/176_NOTICE_OF_INSIDER_DEALING-_PURCHASE-_NNOROM_UCHECHUKWU-07_AUGUST_2024.pdf
AKOSA OBIOGBOLU,Head of Operations,PURCHASE OF SHARES,"3,149",16.10,"August 7, 2024",1419,False,UCAP,2024-08-08T12:20:03Z,https://doclib.ngxgroup.com/Financial_NewsDocs/176_NOTICE_OF_INSIDER_DEALING-_PURCHASE-_AKOSA_OBIOGBOLU_-_07_AUGUST_2024.pdf
MARTINS ABOLAJI AKINDEJI,Strategy Analyst,PURCHASE OF SHARES,"27,000",14.65,"August 06, 2024",1429,False,UCAP,2024-08-07T08:15:39Z,https://doclib.ngxgroup.com/Financial_NewsDocs/176_NOTICE_OF_INSIDER_DEALING-_PURCHASE-_MARTINS_ABOLAJI_AKINDEJI_-06_AUGUST_2024.pdf
SHOMADE KAZEEM OLUWASEGUN,"Team Lead, Strategy & Innovation",PURCHASE OF SHARES,"51,000",14.65,"August 06, 2024",1446,False,UCAP,2024-08-07T08:15:07Z,https://doclib.ngxgroup.com/Financial_NewsDocs/176_NOTICE_OF_INSIDER_DEALING-_PURCHASE-_SHOMADE_KAZEEM_OLUWASEGUN_-06_AUGUST_2024.pdf
Shomade Kazeem Oluwasegun,"Team Lead, Strategy and Innovation",PURCHASE OF SHARES,"153,000",13.35,"August 5, 2024",1495,False,UCAP,2024-08-05T16:30:02Z,https://doclib.ngxgroup.com/Financial_NewsDocs/176_NOTICE_OF_INSIDER_DEALING-PURCHASE-SHOMADE_KAZEEM_OLUWASEGUN-05.08.2024.pdf
Farooq Maimuma Oluwakemi,"Spouse of staff, Mr. Abideen Alade",PURCHASE OF SHARES,"10,000",31.20,"July 31, 2024",1444,False,UCAP,2024-08-01T19:40:02Z,https://doclib.ngxgroup.com/Financial_NewsDocs/176_NOTICE_OF_INSIDER_DEALING-_PURCHASE-_FAROOQ_MAIMUNA_OLUWAKEMI-31_JULY_2024_(1).pdf
PETER SHODIPO,HEAD OF COMPLIANCE,PURCHASE OF SHARES,"56,958",34.90,"July 31, 2024",1417,False,UCAP,2024-08-01T19:35:02Z,https://doclib.ngxgroup.com/Financial_NewsDocs/176_NOTICE_OF_INSIDER_DEALING-_PURCHASE-_PETER_SHODIPO_-31_JULY_2024.pdf
EMMANUEL OLODUN,Equity Trader,PURCHASE OF SHARES,"80,000",31.20,"July 31, 2024",1414,False,UCAP,2024-08-01T19:30:33Z,https://doclib.ngxgroup.com/Financial_NewsDocs/176_NOTICE_OF_INSIDER_DEALING-_PURCHASE-_EMMANUEL_OLODUN_-31_JULY_2024.pdf
FOLAHAN EZEKIEL ADEKUNLE,"Head, Trust Finance",PURCHASE OF SHARES,"26,400",34.18,"July 31, 2024",1429,False,UCAP,2024-08-01T19:30:02Z,https://doclib.ngxgroup.com/Financial_NewsDocs/176_NOTICE_OF_INSIDER_DEALING-_PURCHASE-_FOLAHAN_EZEKIEL_ADEKUNLE_-31_JULY_2024.pdf
DAMILOLA BALIKIS JAJI,TRADER,PURCHASE OF SHARES,"6,352",31.40,"July 31, 2024",1411,False,UCAP,2024-08-01T19:25:01Z,https://doclib.ngxgroup.com/Financial_NewsDocs/176_NOTICE_OF_INSIDER_DEALING-_PURCHASE-_DAMILOLA_BALIKIS_JAJI_-31_JULY_2024.pdf
AKINDELE AKINYEMI RICHARD,"Non-Executive Director, UCEE MFB",PURCHASE OF SHARES,"252,958",31.12,"July 31, 2024",1445,False,UCAP,2024-08-01T19:20:02Z,https://doclib.ngxgroup.com/Financial_NewsDocs/176_NOTICE_OF_INSIDER_DEALING-_PURCHASE-_AKINDELE_AKINYEMI_RICHARD_-31_JULY_2024.pdf
ADETOLA FASUYI,"Head, Wealth Management",PURCHASE OF SHARES,"30,000",33.83,"July 31, 2024",1424,False,UCAP,2024-08-01T19:15:02Z,https://doclib.ngxgroup.com/Financial_NewsDocs/176_NOTICE_OF_INSIDER_DEALING-_PURCHASE-_ADETOLA_FASUYI_-31_JULY_2024_(1).pdf
TITILOYE BOLARINWA OLUWAFIKAYO,"Head, Institutional Trust",PURCHASE OF SHARES,"7,210",34.50,"July 31, 2024",1439,False,UCAP,2024-08-01T19:10:02Z,https://doclib.ngxgroup.com/Financial_NewsDocs/176_NOTICE_OF_INSIDER_DEALING-_PURCHASE-_TITILOYE_BOLARINWA_OLUWAFIKAYO_-31_JULY_2024.pdf
DR. LEO OKAFOR,GENERAL COUNSEL/GROUP COMPANY SECRETARY,PURCHASE OF SHARES,"146,000",33.68,"July 31, 2024",1441,False,UCAP,2024-08-01T19:05:02Z,https://doclib.ngxgroup.com/Financial_NewsDocs/176_NOTICE_OF_INSIDER_DEALING-_PURCHASE-_DR._LEO_OKAFOR_-31_JULY_2024_-_1.pdf
ADEOLA AYODELE EBENEZER,"TEAM LEAD, EXTERNAL RELATIONS & CORE OPERATIONS",PURCHASE OF SHARES,427,34.95,"July 31, 2024",1450,False,UCAP,2024-08-01T19:00:03Z,https://doclib.ngxgroup.com/Financial_NewsDocs/176_NOTICE_OF_INSIDER_DEALING-_PURCHASE-_ADEOLA_AYODELE_EBENEZER_-31_JULY_2024.pdf
AKOSA OBIOGBOLU,Head of Operations,PURCHASE OF SHARES,"1,000",34.90,"July 30, 2024",1417,False,UCAP,2024-08-01T18:55:02Z,https://doclib.ngxgroup.com/Financial_NewsDocs/176_NOTICE_OF_INSIDER_DEALING-_PURCHASE-_AKOSA_OBIOGBOLU_-31_JULY_2024.pdf
DUROJAIYE ADEDAYO EMMANUEL,"HEAD, RETAIL AND MUTUAL FUNDS SALES",PURCHASE OF SHARES,"3,981",34.80,"July 31, 2024",1445,False,UCAP,2024-08-01T18:50:02Z,https://doclib.ngxgroup.com/Financial_NewsDocs/176_NOTICE_OF_INSIDER_DEALING-_PURCHASE-_DUROJAIYE_ADEDAYO_EMMANUEL_-31_JULY_2024.pdf
ABIDEEN ALADE,Head Trader,PURCHASE OF SHARES,"200,000",31.20,"July 31, 2024",1412,False,UCAP,2024-08-01T18:45:03Z,https://doclib.ngxgroup.com/Financial_NewsDocs/176_NOTICE_OF_INSIDER_DEALING-_PURCHASE-_ABIDEEN_ALADE_-31_JULY_2024.pdf
PRISCILLA ADEYEMI,"Team Member, Compliance",PURCHASE OF SHARES,325,34.50,"July 31, 2024",1420,False,UCAP,2024-08-01T18:25:02Z,https://doclib.ngxgroup.com/Financial_NewsDocs/176_NOTICE_OF_INSIDER_DEALING-_PURCHASE-_ADEYEMI_PRISCILLA_FAITH_-31_JULY_2024_(1).pdf
TITILOYE BOLARINWA OLUWAFIKAYO,"Head, Institutional Trust",PURCHASE OF SHARES,"35,861",34.05,"July 30, 2024",1441,False,UCAP,2024-07-31T13:51:09Z,https://doclib.ngxgroup.com/Financial_NewsDocs/176_NOTICE_OF_INSIDER_DEALING-_PURCHASE-_TITILOYE_BOLARINWA_OLUWAFIKAYO_-30_JULY_2024.pdf
FOLAHAN EZEKIEL ADEKUNLE,"Head, Trust Finance",PURCHASE OF SHARES,"19,300",36.45,"July 30, 2024",1429,False,UCAP,2024-07-31T13:50:02Z,https://doclib.ngxgroup.com/Financial_NewsDocs/176_NOTICE_OF_INSIDER_DEALING-_PURCHASE-_FOLAHAN_EZEKIEL_ADEKUNLE_-30_JULY_2024.pdf
AKINDELE AKINYEMI RICHARD,"Non-Executive Director, UCEE MFB",PURCHASE OF SHARES,"134,000",35.00,"July 30, 2024",1445,False,UCAP,2024-07-31T13:45:02Z,https://doclib.ngxgroup.com/Financial_NewsDocs/176_NOTICE_OF_INSIDER_DEALING-_PURCHASE-_AKINDELE_AKINYEMI_RICHARD_-30_JULY_2024.pdf
AKOSA OBIOGBOLU,Head of Operations,PURCHASE OF SHARES,"2,967",35.14,"July 30, 2024",1417,False,UCAP,2024-07-31T13:25:02Z,https://doclib.ngxgroup.com/Financial_NewsDocs/176_NOTICE_OF_INSIDER_DEALING-_PURCHASE-_AKOSA_OBIOGBOLU_-_30_JULY_2024.pdf
PRISCILLA ADEYEMI,"Team Member, Compliance",PURCHASE OF SHARES,"1,892",35.15,"July 30, 2024",1424,False,UCAP,2024-07-31T13:15:02Z,https://doclib.ngxgroup.com/Financial_NewsDocs/176_NOTICE_OF_INSIDER_DEALING-_PURCHASE-_ADEYEMI_PRISCILLA_FAITH_-30_JULY_2024.pdf
PRISCILLA ADEYEMI,"Team Member, Compliance",PURCHASE OF SHARES,"16,241",38.00,"July 29, 2024",1426,False,UCAP,2024-07-30T09:25:01Z,https://doclib.ngxgroup.com/Financial_NewsDocs/176_NOTICE_OF_INSIDER_DEALING-_PURCHASE-_ADEYEMI_PRISCILLA_FAITH_-29._JULY._2024.pdf
AKOSA OBIOGBOLU,Head of Operations,PURCHASE OF SHARES,"1,710",38.92,"July 29, 2024",1418,False,UCAP,2024-07-30T09:20:02Z,https://doclib.ngxgroup.com/Financial_NewsDocs/176_NOTICE_OF_INSIDER_DEALING-_PURCHASE-_AKOSA_OBIOGBOLU_-29._JULY._2024.pdf
YAKUBU DANIEL YIMI,"Regional Branch Head, North Central",PURCHASE OF SHARES,167,39.20,"July 26, 2024",1433,False,UCAP,2024-07-28T21:00:03Z,https://doclib.ngxgroup.com/Financial_NewsDocs/176_NOTICE_OF_INSIDER_DEALING-_PURCHASE-_YAKUBU_DANIEL_YIMI_-_26_JULY_2024.pdf
YAKUBU DANIEL YIMI,"Regional Branch Head, North Central",PURCHASE OF SHARES,"2,292",37.65,"July 25, 2024",1433,False,UCAP,2024-07-26T10:20:02Z,https://doclib.ngxgroup.com/Financial_NewsDocs/176_NOTICE_OF_INSIDER_DEALING-_PURCHASE-_YAKUBU_DANIEL_YIMI_-25_JULY_2024.pdf
OMEIZA WISDOM ONYENEOIZA,TREASURY ANALYST,PURCHASE OF SHARES,"2,400",38.65,"July 23, 2024",1426,False,UCAP,2024-07-24T14:55:04Z,https://doclib.ngxgroup.com/Financial_NewsDocs/176_NOTICE_OF_INSIDER_DEALING-_PURCHASE-_OMEIZA_WISDOM_ONYENEOIZA_-23_JULY_2024.pdf
IWUALA ONYINYECHI DIVINE,"OPERATIONS ANALYST, UCEE MFB",PURCHASE OF SHARES,"1,701",39.10,"July 23, 2024",1436,False,UCAP,2024-07-24T14:45:03Z,https://doclib.ngxgroup.com/Financial_NewsDocs/176_NOTICE_OF_INSIDER_DEALING-_PURCHASE-_IWUALA_ONYINYECHI_DIVINE_-23_JULY_2024.pdf
OHWO ONAJERO KENSINGTON,"Head of Audit, UCEE MFB",PURCHASE OF SHARES,"36,800",39.00,"July 23, 2024",1432,False,UCAP,2024-07-24T14:40:02Z,https://doclib.ngxgroup.com/Financial_NewsDocs/176_NOTICE_OF_INSIDER_DEALING-_PURCHASE-_OHWO_ONAJERO_KENSINGTON-23_JULY_2024.pdf
NWAIWU TINA ONYINYECHI,"Head of Sales, UCEE MFB",PURCHASE OF SHARES,"99,200",39.25,"July 23, 2024",1431,False,UCAP,2024-07-24T14:36:09Z,https://doclib.ngxgroup.com/Financial_NewsDocs/176_NOTICE_OF_INSIDER_DEALING-_PURCHASE-_NWAIWU_TINA_ONYINYECHI-23_JULY_2024.pdf
OMOTAYO DAMILOLA VICTOR,Team Lead Investment Operation & Settlement,PURCHASE OF SHARES,"3,500",38.95,"July 23, 2024",1452,False,UCAP,2024-07-24T14:35:03Z,https://doclib.ngxgroup.com/Financial_NewsDocs/176_NOTICE_OF_INSIDER_DEALING-_PURCHASE-_OMOTAYO_DAMILOLA_VICTOR_-23_JULY_2024.pdf
YAKUBU DANIEL YIMI,"Regional Branch Head, North Central",PURCHASE OF SHARES,"28,452",39.45,"July 23, 2024",1439,False,UCAP,2024-07-24T14:30:04Z,https://doclib.ngxgroup.com/Financial_NewsDocs/176_NOTICE_OF_INSIDER_DEALING-_PURCHASE-_YAKUBU_DANIEL_YIMI_-23_JULY_2024.pdf
OTUSANYA TAIWO NIYI,"Team Member, Corporate Services",SALES OF SHARES,"50,010",39.20,"July 22, 2024",1433,False,UCAP,2024-07-23T15:10:02Z,https://doclib.ngxgroup.com/Financial_NewsDocs/176_NOTICE_OF_INSIDER_DEALING-_SALES-_OTUSANYA_TAIWO_NIYI_-22_JULY_2024.pdf
YAKUBU DANIEL YIMI,"Regional Branch Head, North Central",PURCHASE OF SHARES,"222,863",39.15,"July 22, 2024",1441,False,UCAP,2024-07-23T15:05:02Z,https://doclib.ngxgroup.com/Financial_NewsDocs/176_NOTICE_OF_INSIDER_DEALING-_PURCHASE-_YAKUBU_DANIEL_YIMI_-22_JULY_2024.pdf
WARIBO DESIRE ANTHONY,Strategy/Technical Analyst,PURCHASE OF SHARES,"2,548",38.65,"July 22, 2024",1431,False,UCAP,2024-07-23T15:00:04Z,https://doclib.ngxgroup.com/Financial_NewsDocs/176_NOTICE_OF_INSIDER_DEALING-_PURCHASE-_WARIBO_DESIRE_ANTHONY_-22_JULY_2024.pdf
Iwuala Onyinyechi Divine,Operations Analyst,SALES OF SHARES,"3,000",39.30,"July 19, 2024",1468,False,UCAP,2024-07-20T21:36:02Z,https://doclib.ngxgroup.com/Financial_NewsDocs/176_NOTICE_OF_INSIDER_DEALING-SALE-_IWUALA_ONYINYECHI_DIVINE-19.07.2024.pdf
Bolaji Ibrahim,Internal Control,SALE OF SHARES,"5,500",39.30,"June 19, 2024",1457,False,UCAP,2024-07-20T21:30:02Z,https://doclib.ngxgroup.com/Financial_NewsDocs/176_NOTICE_OF_INSIDER_DEALING-SALES-BOLAJI_IBRAHIM-19.07.2024.pdf
Nwaiwu Tina Onyinyechi,"Head, Sales",SALES OF SHARES,"50,000",38.51,"July 19, 2024",1466,False,UCAP,2024-07-20T21:25:02Z,https://doclib.ngxgroup.com/Financial_NewsDocs/176_NOTICE_OF_INSIDER_DEALING-SALES-NWAIWU_TINA_ONYINYECHI-19.07.2024.pdf
Akinkunmi Akinlawon,Chief Information Officer,PURCHASE OF SHARES,"25,680",39,"July 19,2024",1469,False,UCAP,2024-07-20T21:20:32Z,https://doclib.ngxgroup.com/Financial_NewsDocs/176_NOTICE_OF_INSIDER_DEALING-PURCHASE-AKINKUNMI_AKINLAWON_-19.07.2024.pdf
Onakpoma Shedrack Andrew,"Team Member, Institutional Sale",PURCHASE OF SHARES,"100,000",39,"July 19, 2024",1483,False,UCAP,2024-07-20T21:20:01Z,https://doclib.ngxgroup.com/Financial_NewsDocs/176_NOTICE_OF_INSIDER_DEALING-PURCHASE-ONAKPOMA_SHEDRACK_ANDREW-19.072024.pdf
Odukoya Yomi,Infrastructure Support Engineer,PURCHASE OF SHARES,"1,245",39,"July 19, 2024",1467,False,UCAP,2024-07-20T21:15:03Z,https://doclib.ngxgroup.com/Financial_NewsDocs/176_NOTICE_OF_INSIDER_DEALING-PURCHASE-ODUKOYA_YOMI-19.07.2024.pdf
Obiogbolu Akosa,"Head, Operations",PURCHASE OF SHARES,2000,40.55,"July 19, 2024",1459,False,UCAP,2024-07-20T21:05:04Z,https://doclib.ngxgroup.com/Financial_NewsDocs/176_NOTICE_OF_INSIDER_DEALING-PURCHASE-OBIOGBOLU_AKOSA-19.07.2024.pdf
OLAGOKE OLAKUNLE ANTHONY,INFORMATION TECHNOLOGY,SALES OF SHARES,300,32.15,"July 16, 2024",1421,False,UCAP,2024-07-17T13:45:02Z,https://doclib.ngxgroup.com/Financial_NewsDocs/176_NOTICE_OF_INSIDER_DEALING-_SALES_-_OLAGOKE_OLAKUNLE_ANTHONY_-16_JULY_2024_(002).pdf
BIOSEH JUDYTH OGUGUA,"Team Member, Institutional Sale",SALES OF SHARES,,,"July 15, 2024",1481,False,UCAP,2024-07-16T14:05:02Z,https://doclib.ngxgroup.com/Financial_NewsDocs/176_NOTICE_OF_INSIDER_DEALING-SALE_-_BIOSEH_JUDYTH_OGUGUA.pdf
,Independent Non-Executive Director of the Bank,Purchase of Shares,,,"June 27, 2024",1582,False,UBA,2024-07-10T17:45:05Z,https://doclib.ngxgroup.com/Financial_NewsDocs/175_Notification_Of_Share_Dealing_By_Insider_-_Aisha_Hassan-Baba.pdf
,SUBSTANTIAL SHAREHOLDER,Sale of Holdings,,,01/07/2024,2119,False,TIP,2024-07-08T13:55:02Z,https://doclib.ngxgroup.com/Financial_NewsDocs/207_RICHGATE_Sharedealing_of_1st_July.pdf
,SUBSTANTIAL SHAREHOLDER,Purchase of Holdings,,,01/07/2024,2127,False,TIP,2024-07-08T13:50:02Z,https://doclib.ngxgroup.com/Financial_NewsDocs/207_AFOLAYAN_Sharedealing_of_1st_July.pdf
,MANAGING DIRECTOR/CHIEF EXECUTIVE OFFICER,PURCHASE OF SHARES,,,1st July  2024,1468,False,BETAGLAS,2024-07-05T14:30:02Z,https://doclib.ngxgroup.com/Financial_NewsDocs/28_Notification_of_Director_Share_Dealing_-_Beta_Glass_Shares_1-7-24----.pdf
,SUBSTANTIAL SHAREHOLDER,Sale of Holdings,,,28/06/2024,2117,False,TIP,2024-07-04T13:40:02Z,https://doclib.ngxgroup.com/Financial_NewsDocs/207_RICHGATE_Sharedealing_of_28th_June.pdf
,SUBSTANTIAL SHAREHOLDER,Purchase of Holdings,,,28/06/2024,2123,False,TIP,2024-07-04T13:35:02Z,https://doclib.ngxgroup.com/Financial_NewsDocs/207_AFOLAYAN_Sharedealing_of_28th_June.pdf
,SUBSTANTIAL SHAREHOLDER,Sale of Holdings,,,27/06/2024,2119,False,TIP,2024-07-04T13:30:03Z,https://doclib.ngxgroup.com/Financial_NewsDocs/207_RICHGATE_Sharedealing_of_27th_June.pdf
,SUBSTANTIAL SHAREHOLDER,Purchase of Holdings,,,27/07/2024,2122,False,TIP,2024-07-04T13:26:07Z,https://doclib.ngxgroup.com/Financial_NewsDocs/207_AFOLAYAN_Sharedealing_of_27th_June.pdf
,SUBSTANTIAL SHAREHOLDER,Sale of Holdings,,,26/06/2024,2114,False,TIP,2024-07-03T14:15:02Z,https://doclib.ngxgroup.com/Financial_NewsDocs/207_RICHGATE_Sharedealing_of_26th_June.pdf
,SUBSTANTIAL SHAREHOLDER,Purchase of Holdings,,,26/06/2024,2072,False,TIP,2024-07-03T14:10:34Z,https://doclib.ngxgroup.com/Financial_NewsDocs/207_AFOLAYAN_Sharedealing_of_26th_June.pdf
,SUBSTANTIAL SHAREHOLDER,Sale of Holdings,,,25/06/2024,2117,False,TIP,2024-07-03T14:10:03Z,https://doclib.ngxgroup.com/Financial_NewsDocs/207_RICHGATE_Sharedealing_of_25th_June.pdf
,SUBSTANTIAL SHAREHOLDER,Purchase of Holdings,,,25/07/2024,2121,False,TIP,2024-07-03T14:05:04Z,https://doclib.ngxgroup.com/Financial_NewsDocs/207_AFOLAYAN_Sharedealing_of_25th_June.pdf
,EXECUTIVE DIRECTOR CORPORATE SERVICES,BUY,"15,000",16.00,27TH JUNE 2024,1397,False,ETERNA,2024-07-03T12:50:03Z,https://doclib.ngxgroup.com/Financial_NewsDocs/61_DIRECTOR_DEALINGS_-PHOEBEAN_IFEADI-signed.pdf
,MANAGING DIRECTOR/CHIEF EXECUTIVE OFFICER,BUY,"100,000",15.45,26TH JUNE 2024,1415,False,ETERNA,2024-07-03T12:40:02Z,https://doclib.ngxgroup.com/Financial_NewsDocs/61_DIRECTOR_DEALINGS_-ABIOLA_LAWAL-signed.pdf
,NON-EXECUTIVE DIRECTOR,BUY,,,26TH JUNE 2024 – 28TH JUNE 2024,1524,False,ETERNA,2024-07-03T12:30:04Z,https://doclib.ngxgroup.com/Financial_NewsDocs/61_DIRECTOR_DEALINGS_-EMMANUEL_OMUOJINE-signed.pdf
,SUBSTANTIAL SHAREHOLDER,Purchase of Holdings,,,21/06/2024,2124,False,TIP,2024-07-02T15:25:02Z,https://doclib.ngxgroup.com/Financial_NewsDocs/207_AFOLAYAN_Sharedealing_of_21st_June_(Repaired).pdf
,,,,,,0,True,ZENITHBANK,2024-06-28T14:35:02Z,https://doclib.ngxgroup.com/Financial_NewsDocs/198_ZBPLC_SHARE_DEALINGS_BY_INSIDER_ZSPF_JUNE_28_2024.pdf
,,,,,,1,True,ZENITHBANK,2024-06-28T14:25:02Z,https://doclib.ngxgroup.com/Financial_NewsDocs/198_ZBPLC_SHARE_DEALINGS_BY_INSIDER_ZSPF_JUNE_27_2024.pdf
,,,,,,1,True,ZENITHBANK,2024-06-28T14:21:07Z,https://doclib.ngxgroup.com/Financial_NewsDocs/198_ZBPLC_SHARE_DEALINGS_BY_INSIDER_ZSPF_JUNE_21_2024.pdf
Nnorom Ugochi Ngozi,"Relative of a Director, Mr. Emmanuel Nnorom",PURCHASE OF SHARES,"30,000",21.95,"June 26, 2024",1449,False,UCAP,2024-06-26T18:40:04Z,https://doclib.ngxgroup.com/Financial_NewsDocs/176_NOTICE_OF_INSIDER_DEALING-_PURCHASE-_NNOROM_UGOCHI_NGOZI-26_JUNE_2024.pdf
,,,,,,1,True,ZENITHBANK,2024-06-25T21:10:04Z,https://doclib.ngxgroup.com/Financial_NewsDocs/198_ZBPLC_SHARE_DEALINGS_BY_INSIDER_ZSPF_JUNE_24_2024.pdf
UNUIGBOJE RITA,"Group Head, Operations",SALES OF SHARES,"217,500",12.75,"June 24,2024",1467,False,UCAP,2024-06-25T18:15:05Z,https://doclib.ngxgroup.com/Financial_NewsDocs/176_NOTICE_OF_INSIDER_DEALING-SALES-UNUIGBOJE_RITA-24.06.2024.pdf
,SUBSTANTIAL SHAREHOLDER,Sale of Holdings,,,19/06/2024,2121,False,TIP,2024-06-25T13:00:05Z,https://doclib.ngxgroup.com/Financial_NewsDocs/207_RICHGATE_Sharedealing_of_19th_June.pdf
,SUBSTANTIAL SHAREHOLDER,Sale of Holdings,,,14/06/2024,2119,False,TIP,2024-06-24T14:30:02Z,https://doclib.ngxgroup.com/Financial_NewsDocs/207_RICHGATE_Sharedealing_of_14th_June.pdf
,SUBSTANTIAL SHAREHOLDER,Purchase of Holdings,,,14/06/2024,2130,False,TIP,2024-06-24T14:25:03Z,https://doclib.ngxgroup.com/Financial_NewsDocs/207_AFOLAYAN_Sharedealing_of_14th_June.pdf
,SUBSTANTIAL SHAREHOLDER,Sale of Holdings,,,13/06/2024,2122,False,TIP,2024-06-24T09:45:36Z,https://doclib.ngxgroup.com/Financial_NewsDocs/207_RICHGATE_Sharedealing_of_13th_June.pdf
,SUBSTANTIAL SHAREHOLDER,Purchase of Holdings,,,13/06/2024,2126,False,TIP,2024-06-24T09:45:05Z,https://doclib.ngxgroup.com/Financial_NewsDocs/207_AFOLAYAN_Sharedealing_of_13th_June.pdf
,,,,,,0,True,ACCESSCORP,2024-06-21T16:45:02Z,"https://doclib.ngxgroup.com/Financial_NewsDocs/239_Notification_of_Share_Dealing_-_Chizoba_Ufoeze_-_June_20,_2024.pdf"
,SUBSTANTIAL SHAREHOLDER,Sale of Holdings,,,11/06/2024,2115,False,TIP,2024-06-21T15:10:02Z,https://doclib.ngxgroup.com/Financial_NewsDocs/207_RICHGATE_Sharedealing_of_11th_June.pdf
,SUBSTANTIAL SHAREHOLDER,Purchase of Holdings,,,11/06/2024,2128,False,TIP,2024-06-21T15:05:03Z,https://doclib.ngxgroup.com/Financial_NewsDocs/207_AFOLAYAN_Sharedealing_of_11th_June.pdf
,,,,,,1,True,ZENITHBANK,2024-06-20T20:15:05Z,https://doclib.ngxgroup.com/Financial_NewsDocs/198_ZBPLC_SHARE_DEALINGS_BY_INSIDER_ZSPF_JUNE_14_2024.pdf
,SUBSTANTIAL SHAREHOLDER,Sale of Holdings,,,10/06/2024,2121,False,TIP,2024-06-20T08:00:02Z,https://doclib.ngxgroup.com/Financial_NewsDocs/207_RICHGATE_Sharedealing_of_10th_June.pdf
,SUBSTANTIAL SHAREHOLDER,Purchase of Holdings,,,10/06/2024,2124,False,TIP,2024-06-20T07:55:02Z,https://doclib.ngxgroup.com/Financial_NewsDocs/207_Afolayan_Sharedealing_of_10th_June.pdf
,SUBSTANTIAL SHAREHOLDER,Sale of Holdings,,,10/06/2024,2121,False,TIP,2024-06-20T07:45:01Z,https://doclib.ngxgroup.com/Financial_NewsDocs/207_AFOLAYAN_Sharedealing_of_10th_June_Sale.pdf
Ogbuji Chiamaka Solange,Client Advisor,SALES OF SHARES,"13,956",21,"June 19, 2024",1460,False,UCAP,2024-06-20T07:10:04Z,https://doclib.ngxgroup.com/Financial_NewsDocs/176_NOTICE_OF_INSIDER_DEALING-SALES-OGBUJI_CHIAMAKA_SOLANGE_-_19.06.2024.pdf
,SUBSTANTIAL SHAREHOLDER,Sale of Holdings,,,06/06/2024,2117,False,TIP,2024-06-14T12:00:04Z,https://doclib.ngxgroup.com/Financial_NewsDocs/207_AFOLAYAN_Sharedealing_of_6th_June.pdf
Sunny Chukwuma Anene,Deputy Group Chief Executive Officer,PURCHASE OF SHARES,"1,000,000",20.117319,"June 13, 2024",1502,False,UCAP,2024-06-14T07:45:02Z,https://doclib.ngxgroup.com/Financial_NewsDocs/176_NOTICE_OF_INSIDER_DEALING-PURCHASE-SUNNY_ANENE_CHUKWUMA-13.06.2024.pdf
Houessinon Priscilla Sename,Trade and Investment Officer,SALE OF SHARES,935,20.85,"June 13, 2024",1477,False,UCAP,2024-06-14T07:35:08Z,https://doclib.ngxgroup.com/Financial_NewsDocs/176_NOTICE_OF_INSIDER_DEALING-SALES-HOUESSINON_PRISCILLA_SENAME-13.06.2024.pdf
,,,,,,1,True,ZENITHBANK,2024-06-13T18:35:02Z,https://doclib.ngxgroup.com/Financial_NewsDocs/198_ZBPLC_SHARE_DEALINGS_BY_INSIDER_ZSPF_JUNE_13_2024.pdf
,,,,,,0,True,ZENITHBANK,2024-06-13T18:30:04Z,https://doclib.ngxgroup.com/Financial_NewsDocs/198_ZBPLC_SHARE_DEALINGS_BY_INSIDER_ZSPF_JUNE_11_2024.pdf
,Managing Director,Purchase,,,,1159,False,CUSTODIAN,2024-06-13T14:40:04Z,https://doclib.ngxgroup.com/Financial_NewsDocs/47_NOTIFICATION___SHARE_DEALING_WOLE_OSHIN.pdf
,SUBSTANTIAL SHAREHOLDER,Sale of Holdings,,,05/06/2024,2118,False,TIP,2024-06-13T07:35:04Z,https://doclib.ngxgroup.com/Financial_NewsDocs/207_AFOLAYAN_Sharedealing_of_5th_June.pdf
Nnorom Chidinma Margaret,"Relative of a Director, Mr. Emmanuel Nnorom",PURCHASE OF SHARES,,,"June 11,2024",1499,False,UCAP,2024-06-11T20:45:04Z,https://doclib.ngxgroup.com/Financial_NewsDocs/176_NOTICE_OF_INSIDER_DEALING-PURCHASE-NNOROM_CHIDINMA_MARGARET-11.06.2024.pdf
,Shareholder,Purchase of Shares,,,"11th June, 2024",1184,False,AIICO,2024-06-11T15:35:01Z,https://doclib.ngxgroup.com/Financial_NewsDocs/15_Notification_of_Share_Dealing_by_an_Insider.pdf
Adigun Ayodeji Ganiyu,Director,SALE OF SHARES,"1,864,073",18.6,"June 10,2024",1460,False,UCAP,2024-06-11T14:20:02Z,https://doclib.ngxgroup.com/Financial_NewsDocs/176_NOTICE_OF_INSIDER_DEALING-SALE-_ADIGUN_AYODEJI_GANIYU-10.06.2024.pdf
Chimamanda Florence Nnorom,"Relative of a Director, Mr. Emmanuel Nnorom",PURCHASE OF SHARES,"3,000",18.70,"June 10,2024",1498,False,UCAP,2024-06-11T12:45:03Z,https://doclib.ngxgroup.com/Financial_NewsDocs/176_NOTICE_OF_INSIDER_DEALING-PURCHASE-NNOROM_CHIMAMANDA_FLORENCE-10.06.2024.pdf
Nnorom Kelechi Emmanuel,"Relative of a Director, Mr. Emmanuel Nnorom",PURCHASE OF SHARES,"14,000",18.80,"June 10,2024",1498,False,UCAP,2024-06-11T12:35:02Z,https://doclib.ngxgroup.com/Financial_NewsDocs/176_NOTICE_OF_INSIDER_DEALING-PURCHASE-NNOROM_KELECHI_EMMANUEL-10.06.2024.pdf
Princess Chinwe Nnorom,"Relative of a Director, Mr. Emmanuel Nnorom",PURCHASE OF SHARES,"3,000",18.70,"June 10,2024",1494,False,UCAP,2024-06-11T12:30:03Z,https://doclib.ngxgroup.com/Financial_NewsDocs/176_NOTICE_OF_INSIDER_DEALING-PURCHASE-NNOROM_PRINCESS_CHINWE_-10.06.2024.pdf
,SUBSTANTIAL SHAREHOLDER,Sale of Holdings,,,04/06/2024,2128,False,TIP,2024-06-11T10:35:02Z,https://doclib.ngxgroup.com/Financial_NewsDocs/207_AFOLAYAN_Sharedealing_of_4th_June.pdf
,,,,,,1,True,ZENITHBANK,2024-06-10T19:35:02Z,https://doclib.ngxgroup.com/Financial_NewsDocs/198_ZBPLC_SHARE_DEALINGS_BY_INSIDER_ZSPF_JUNE_10_2024.pdf
,,,,,,1,True,ZENITHBANK,2024-06-10T19:30:02Z,https://doclib.ngxgroup.com/Financial_NewsDocs/198_ZBPLC_SHARE_DEALINGS_BY_INSIDER_ZSPF_JUNE_6_2024.pdf
,SUBSTANTIAL SHAREHOLDER,Sale of Holdings,,,31/05/2024,2127,False,TIP,2024-06-07T15:00:02Z,https://doclib.ngxgroup.com/Financial_NewsDocs/207_AFOLAYAN_Sharedealing_of_31st_May.pdf
,SUBSTANTIAL SHAREHOLDER,Sale of Holdings,,,30/05/2024,2131,False,TIP,2024-06-06T09:50:04Z,https://doclib.ngxgroup.com/Financial_NewsDocs/207_AFOLAYAN_Sharedealing_of_30th_May.pdf
Tina Nwaiwu,Head of Sales,PURCHASE OF SHARES,,,"June 4, 2024",1457,False,UCAP,2024-06-04T16:20:03Z,https://doclib.ngxgroup.com/Financial_NewsDocs/176_NOTICE_OF_INSIDER_DEALING-PURCHASE-TINA_NWAIWU_-_04.06.2024.pdf
,SUBSTANTIAL SHAREHOLDER,Sale of Holdings,,,29/05/2024,2125,False,TIP,2024-06-04T15:20:03Z,https://doclib.ngxgroup.com/Financial_NewsDocs/207_AFOLAYAN_Sharedealing_of_29th_May.pdf
,SUBSTANTIAL SHAREHOLDER,Sale of Holdings,,,28/05/2024,2136,False,TIP,2024-06-04T07:50:03Z,https://doclib.ngxgroup.com/Financial_NewsDocs/207_AFOLAYAN_Sharedealing_of_28th_May.pdf
Nnorom Florence Ihuoma,"Wife of a Director, Mr. Emmanuel Nnorom",PURCHASE OF SHARES,"55,074",18,"May 31, 2024",1480,False,UCAP,2024-05-31T17:05:03Z,https://doclib.ngxgroup.com/Financial_NewsDocs/176_NOTICE_OF_INSIDER_DEALING-PURCHASE-NNOROM_FLORENCE_IHUOMA-31.05.2024.pdf
Miracle Chukwuemeka Nnorom,"Relative of a Director, Mr. Emmanuel Nnorom",PURCHASE OF SHARES,"14,000",18,"May 31,2024",1494,False,UCAP,2024-05-31T16:50:03Z,https://doclib.ngxgroup.com/Financial_NewsDocs/176_NOTICE_OF_INSIDER_DEALING-PURCHASE-NNOROM_MIRACLE_CHUKWUEMEKA-31.05.2024.pdf
,,,,,,0,True,ACCESSCORP,2024-05-30T16:30:02Z,https://doclib.ngxgroup.com/Financial_NewsDocs/239_Notification_of_Share_Dealing_by_Insider_-_May_29.pdf
,,,,,,0,True,ACCESSCORP,2024-05-30T16:25:02Z,https://doclib.ngxgroup.com/Financial_NewsDocs/239_Notification_of_Share_Dealing_by_Insider_-_May_28.pdf
,SUBSTANTIAL SHAREHOLDER,Sale of Holdings,,,24/05/2024,2125,False,TIP,2024-05-30T15:40:02Z,https://doclib.ngxgroup.com/Financial_NewsDocs/207_AFOLAYAN_Sharedealing_of_24th_May.pdf
,SUBSTANTIAL SHAREHOLDER,Sale of Holdings,,,23/05/2024,2128,False,TIP,2024-05-30T14:30:02Z,https://doclib.ngxgroup.com/Financial_NewsDocs/207_AFOLAYAN_Sharedealing_of_23rd_May.pdf
,,Grant of:,,,,7749,False,SEPLAT,2024-05-30T09:15:03Z,https://doclib.ngxgroup.com/Financial_NewsDocs/41361_SEPLAT_ENERGY_PLC-CORPORATE_ANNOUNCEMENT_ON_EXECUTIVE_DIRECTOR_2024_SHARE_AWARDS_CORPORATE_ACTIONS_MAY_2024.pdf
,MANAGING DIRECTOR/CHIEF EXECUTIVE OFFICER,PURCHASE OF SHARES,,,22nd May 2024,1457,False,BETAGLAS,2024-05-30T08:45:02Z,https://doclib.ngxgroup.com/Financial_NewsDocs/28_Notification_of_Insider_Share_Dealing_-_Beta_Glass_Shares_Wed_22-5-24.pdf
NNOROM UCHECHUKWU AND CHIDINMA,"Relatives of a Director, Mr. Emmanuel Nnorom",SALES OF SHARES,"12,000",17.80,"May 29,2024",1502,False,UCAP,2024-05-30T07:05:06Z,https://doclib.ngxgroup.com/Financial_NewsDocs/176_NOTICE_OF_INSIDER_DEALING-SALES-NNOROM_UCHECHUKWU_AND_CHIDINMA-29.05.2024.pdf
,SUBSTANTIAL SHAREHOLDER,Sale of Holdings,,,22/05/2024,2129,False,TIP,2024-05-29T15:45:02Z,https://doclib.ngxgroup.com/Financial_NewsDocs/207_AFOLAYAN_Sharedealing_of_22nd_May.pdf
,,,,,,0,True,ACCESSCORP,2024-05-28T15:25:02Z,https://doclib.ngxgroup.com/Financial_NewsDocs/239_Notification_of_Shares_Dealing_-_Tengen.pdf
,SUBSTANTIAL SHAREHOLDER,Sale of Holdings,,,21/05/2024,2131,False,TIP,2024-05-28T09:05:01Z,https://doclib.ngxgroup.com/Financial_NewsDocs/207_AFOLAYAN_Sharedealing_of_21st_May.pdf
,SUBSTANTIAL SHAREHOLDER,Sale of Holdings,,,20/05/2024,2130,False,TIP,2024-05-28T09:00:02Z,https://doclib.ngxgroup.com/Financial_NewsDocs/207_AFOLAYAN_Shareholding_of_20th_May.pdf
,SUBSTANTIAL SHAREHOLDER,Sale of Holdings,,,17/05/2024,2122,False,TIP,2024-05-23T14:00:04Z,https://doclib.ngxgroup.com/Financial_NewsDocs/207_AFOLAYAN_Sharedealing_of_17th_May.pdf
,SUBSTANTIAL SHAREHOLDER,Sale of Holdings,,,15/05/2024,2126,False,TIP,2024-05-23T10:25:02Z,https://doclib.ngxgroup.com/Financial_NewsDocs/207_AFOLAYAN_SHAREDEALING_OF_15TH_MAY_2024.pdf
,SUBSTANTIAL SHAREHOLDER,Purchase of Holdings,,,15/05/2024,2130,False,TIP,2024-05-23T10:20:03Z,https://doclib.ngxgroup.com/Financial_NewsDocs/207_AFOLAYAN_Sharedealing_of_15th_May.pdf
,Director,"Purchase of 200,000 units of UACN Shares at an average price of N13.40",,,21 May 2024,2032,False,UACN,2024-05-21T16:40:02Z,https://doclib.ngxgroup.com/Financial_NewsDocs/173_Notice_of_Share_Dealing_-_Debola.pdf
,SUBSTANTIAL SHAREHOLDER,Purchase of Holdings,,,14/05/2024,2078,False,TIP,2024-05-21T08:00:02Z,https://doclib.ngxgroup.com/Financial_NewsDocs/207_AFOLAYAN_Sharedealing_of_14th_May.pdf
,,(i),,,,3862,False,SEPLAT,2024-05-21T07:35:04Z,https://doclib.ngxgroup.com/Financial_NewsDocs/41278_SEPLAT_ENERGY_PLC-CORPORATE_ANNOUNCEMENT_ON_AN_EXECUTIVE_DIRECTOR'S_SHARE_EXERCISE_CORPORATE_ACTIONS_MAY_2024.pdf
,EXECUTIVE DIRECTOR-CORPORATE SERVICES,BUY,,,16TH MAY 2024 – 17TH MAY 2024,1449,False,ETERNA,2024-05-20T19:50:01Z,https://doclib.ngxgroup.com/Financial_NewsDocs/61_DIRECTOR_DEALING_ED_20.05.24-signed.pdf
,NON-EXECUTIVE DIRECTOR,BUY,,,16TH MAY 2024,1368,False,ETERNA,2024-05-20T19:45:03Z,https://doclib.ngxgroup.com/Financial_NewsDocs/61_DIRECTOR_DEALING_NED_20.05.24-signed.pdf
,SUBSTANTIAL SHAREHOLDER,Purchase of Holdings,,,13/05/2024,2083,False,TIP,2024-05-20T09:56:02Z,https://doclib.ngxgroup.com/Financial_NewsDocs/207_AFOLAYAN_Sharedealing_of_13th_May.pdf
,SUBSTANTIAL SHAREHOLDER,Purchase of Holdings,,,10/05/2024,2083,False,TIP,2024-05-20T09:50:04Z,https://doclib.ngxgroup.com/Financial_NewsDocs/207_AFOLAYAN_Sharedealing_of_10th_May.pdf
,,,,,,395,False,MTNN,2024-05-16T15:40:03Z,https://doclib.ngxgroup.com/Financial_NewsDocs/215_MTN_Nigeria_Communications_Plc_Share_Dealing_-_Uto_Ukpanah_(May_2024)_.pdf
,Director (Custodian Investment Plc),Purchase,,,,1113,False,CUSTODIAN,2024-05-16T15:15:02Z,https://doclib.ngxgroup.com/Financial_NewsDocs/47_NOTIFICATION_OF_SHARE_DEALING_-_MR_ADENIYI_FALADE.pdf
,SUBSTANTIAL SHAREHOLDER,Purchase of Holdings,,,09/05/2024,2084,False,TIP,2024-05-15T13:30:04Z,https://doclib.ngxgroup.com/Financial_NewsDocs/207_AFOLAYAN_Sharedealing_of_9th_May.pdf
Uzoukwu Uchechi Onyinyechi/ Nduka Mba-Uzoukwu,Relative/Regional Public Sector Head,PURCHASE OF SHARES,"100,000",17.95,"May 14,2024",1513,False,UCAP,2024-05-14T16:30:04Z,https://doclib.ngxgroup.com/Financial_NewsDocs/176_NOTICE_OF_INSIDER_DEALING-PURCHASE-UZOUKWU_UCHECHI_ONYINYECHI-14.05.2024.pdf
,SUBSTANTIAL SHAREHOLDER,Purchase of Holdings,,,08/05/2024,2088,False,TIP,2024-05-14T14:05:04Z,https://doclib.ngxgroup.com/Financial_NewsDocs/207_AFOLAYAN_Sharedealing_of_8th_May.pdf
,SUBSTANTIAL SHAREHOLDER,Purchase of Holdings,,,07/05/2024,2080,False,TIP,2024-05-14T07:45:04Z,https://doclib.ngxgroup.com/Financial_NewsDocs/207_AFOLAYAN_Sharedealing_of_7th_May.pdf
,"Head, Head Office and International Operations",Purchase of Shares,,,"May 10, 2024",1554,False,UBA,2024-05-13T18:35:03Z,https://doclib.ngxgroup.com/Financial_NewsDocs/175_Notification_Of_Share_Dealing_By_Insider_-_Mike_Ilobah.pdf
Ogbuji Chiamaka Solange,Client Advisor,SALES OF SHARES,"1,000",18.30,"May 13, 2024",1462,False,UCAP,2024-05-13T17:40:02Z,https://doclib.ngxgroup.com/Financial_NewsDocs/176_NOTICE_OF_INSIDER_DEALING-SALES-OGBUJI_CHIAMAKA_SOLANGE-13.05.2024.pdf
,Non-Executive Director of the Bank,Purchase of Shares,,,"May 10, 2024",1541,False,UBA,2024-05-13T17:32:04Z,https://doclib.ngxgroup.com/Financial_NewsDocs/175_Notification_Of_Share_Dealing_By_Insider_-_Kayode_Fasola_.pdf
,SUBSTANTIAL SHAREHOLDER,Purchase of Holdings,,,06/05/2024,2084,False,TIP,2024-05-13T09:40:05Z,https://doclib.ngxgroup.com/Financial_NewsDocs/207_AFOLAYAN_Sharedealing_of_6th_May.pdf
,Group Company Secretary,Purchase of Shares,,,"May 9, 2024",1046,False,UBA,2024-05-10T20:49:24Z,https://doclib.ngxgroup.com/Financial_NewsDocs/UBA_-_Share_Dealing_Notifiction_-_Bili_Odum.pdf
,Group Managing Director,Purchase of Shares,,,"May 9, 2024",2027,False,UBA,2024-05-10T20:48:39Z,https://doclib.ngxgroup.com/Financial_NewsDocs/UBA_Share_Dealing_Notifiction_-_Oliver_Alawuba.pdf
,Executive Director of the Bank,Purchase of Shares,,,"May 9, 2024",1610,False,UBA,2024-05-10T20:47:37Z,https://doclib.ngxgroup.com/Financial_NewsDocs/UBA_-_Share_Dealing_Notification_-_Ugo_Nwaghodoh.pdf
,"Related Company to Mrs. Chizoma Okoli, a Director of",Buy,,,"May 3, 2024",1294,False,ACCESSCORP,2024-05-10T18:25:04Z,https://doclib.ngxgroup.com/Financial_NewsDocs/239_Notification_of_Dealing_Period_-_FM__Y_Limited.pdf
Ogungbe Adebayo Olumuyiwa/ Ogungbe Abayomi,Relative to Staff/Web Master,SALES OF SHARES,417,17.75,"May 9, 2024",1489,False,UCAP,2024-05-10T12:10:01Z,https://doclib.ngxgroup.com/Financial_NewsDocs/176_NOTICE_OF_INSIDER_DEALING-SALES-OGUNGBE_ADEBAYO_OLUMUYIWA-09.05.2024.pdf
Chimamanda Florence Nnorom/Emmanuel Nnorom,Relative/Director,PURCHASE OF SHARES,"5,026",17.80,"May 9,2024",1485,False,UCAP,2024-05-10T12:05:02Z,https://doclib.ngxgroup.com/Financial_NewsDocs/176_NOTICE_OF_INSIDER_DEALING-PURCHASE-NNOROM_CHIMAMANDA_FLORENCE-09.05.2024.pdf
Princess Chinwe Nnorom/Emmanuel Nnorom,Relative/Director,PURCHASE OF SHARES,"2,513",17.80,"May 9,2024",1481,False,UCAP,2024-05-10T11:45:04Z,https://doclib.ngxgroup.com/Financial_NewsDocs/176_NOTICE_OF_INSIDER_DEALING-PURCHASE-NNOROM_PRINCESS-09.05.2024.pdf
,Group Company Secretary,Purchase of Shares,,,"May 8, 2024",2322,False,UBA,2024-05-10T10:21:14Z,https://doclib.ngxgroup.com/Financial_NewsDocs/UBA_-_Share_Dealing_Notification_Bili_Odum.pdf
,Executive Director of the Bank,Purchase of Shares,,,"May 8, 2024",2227,False,UBA,2024-05-10T10:19:01Z,https://doclib.ngxgroup.com/Financial_NewsDocs/UBA_-_Share_Dealing_Notification_-_Ugochukwu_Nwaghodoh.pdf
,SUBSTANTIAL SHAREHOLDER,Purchase of Holdings,,,02/05/2024,2130,False,TIP,2024-05-09T16:05:02Z,https://doclib.ngxgroup.com/Financial_NewsDocs/207_AFOLAYAN_Sharedealing_of_2nd_May.pdf
,SUBSTANTIAL SHAREHOLDER,Purchase of Holdings,,,30/04/2024,2133,False,TIP,2024-05-09T16:00:03Z,https://doclib.ngxgroup.com/Financial_NewsDocs/207_AFOLAYAN_Sharedealing_of_30th_April.pdf
,Relative to the Board Chairman,Purchase of Shares,,,"May 7, 2024",1536,False,UBA,2024-05-08T18:40:02Z,https://doclib.ngxgroup.com/Financial_NewsDocs/175_Notification_Of_Share_Dealing_By_Insider_-_Elumelu_Ogechukwu.pdf
,Relative to the Board Chairman,Purchase of Shares,,,"May 7, 2024",1532,False,UBA,2024-05-08T18:35:02Z,https://doclib.ngxgroup.com/Financial_NewsDocs/175_Notification_Of_Share_Dealing_By_Insider_-_Elumelu_Onyekachukwu.pdf
,Relative to the Board Chairman,Purchase of Shares,,,"May 7, 2024",1544,False,UBA,2024-05-08T18:31:48Z,https://doclib.ngxgroup.com/Financial_NewsDocs/175_Notification_Of_Share_Dealing_By_Insider_-_Elumelu_Ogochukwu.pdf
,Relative to the Board Chairman,Purchase of Shares,,,"May 7, 2024",1530,False,UBA,2024-05-08T18:30:35Z,https://doclib.ngxgroup.com/Financial_NewsDocs/175_Notification_Of_Share_Dealing_By_Insider_-_Elumelu_Nneka.pdf
,Relative to the Board Chairman,Purchase of Shares,,,"May 7, 2024",1527,False,UBA,2024-05-08T18:30:02Z,https://doclib.ngxgroup.com/Financial_NewsDocs/175_Notification_Of_Share_Dealing_By_Insider_-_Elumelu_Awele.pdf
,Relative to the Board Chairman,Purchase of Shares,,,"May 7, 2024",1532,False,UBA,2024-05-08T18:25:33Z,https://doclib.ngxgroup.com/Financial_NewsDocs/175_Notification_Of_Share_Dealing_By_Insider_-_Elumelu_Ugochukwu.pdf
,Relative to the Board Chairman,Purchase of Shares,,,"May 7, 2024",1535,False,UBA,2024-05-08T18:25:02Z,https://doclib.ngxgroup.com/Financial_NewsDocs/175_Notification_Of_Share_Dealing_By_Insider_-_Elumelu_Toby.pdf
,Relative to the Board Chairman,Purchase of Shares,,,"May 7, 2024",1536,False,UBA,2024-05-08T18:20:34Z,https://doclib.ngxgroup.com/Financial_NewsDocs/175_Notification_Of_Share_Dealing_By_Insider_-_Elumelu_Onyinye.pdf
Iwuala Onyinyechi Divine,Operations Analyst,PURCHASE OF SHARES,278,17.90,"May 7, 2024",1464,False,UCAP,2024-05-08T15:55:02Z,https://doclib.ngxgroup.com/Financial_NewsDocs/176_NOTICE_OF_INSIDER_DEALING-PURCHASE-IWUALA_ONYINYECHI_DIVINE-07.05.2024.pdf
,,,,,,0,True,ACCESSCORP,2024-05-07T16:55:02Z,https://doclib.ngxgroup.com/Financial_NewsDocs/239_Sunday_Ekwochi.pdf
,,,,,,0,True,ACCESSCORP,2024-05-07T16:50:02Z,https://doclib.ngxgroup.com/Financial_NewsDocs/239_Hadiza_Ambursa.pdf
,,,,,,0,True,ACCESSCORP,2024-05-07T16:40:02Z,https://doclib.ngxgroup.com/Financial_NewsDocs/239_Gregory_Jobome.pdf
,,,,,,0,True,ACCESSCORP,2024-05-07T16:25:03Z,https://doclib.ngxgroup.com/Financial_NewsDocs/239_Chizoma_Okoli.pdf
,,,,,,0,True,ACCESSCORP,2024-05-07T16:15:02Z,https://doclib.ngxgroup.com/Financial_NewsDocs/239_Iyabo_Soji-Okusanya.pdf
,,,,,,0,True,ACCESSCORP,2024-05-07T14:45:02Z,https://doclib.ngxgroup.com/Financial_NewsDocs/239_Seyi_Kumapayi.pdf
,,,,,,0,True,ACCESSCORP,2024-05-07T14:21:02Z,https://doclib.ngxgroup.com/Financial_NewsDocs/239_Roosevelt_Ogbonna.pdf
,,,,,,0,True,ACCESSCORP,2024-05-07T13:45:02Z,https://doclib.ngxgroup.com/Financial_NewsDocs/239_Bolaji_Agbede.pdf
,SUBSTANTIAL SHAREHOLDER,Sale of Holdings,,,29/04/2024,2154,False,TIP,2024-05-06T15:50:02Z,https://doclib.ngxgroup.com/Financial_NewsDocs/207_RICHGATE_Sharedealing_of_29th_April.pdf
,SUBSTANTIAL SHAREHOLDER,Purchase of Holdings,,,29/04/2024,2155,False,TIP,2024-05-06T15:45:35Z,https://doclib.ngxgroup.com/Financial_NewsDocs/207_AFOLAYAN_Sharedealing_of_29th_April.pdf
,SUBSTANTIAL SHAREHOLDER,Sale of Holdings,,,29/04/2024,2149,False,TIP,2024-05-06T15:45:04Z,https://doclib.ngxgroup.com/Financial_NewsDocs/207_DVCF_Sharedealing_of_29th_April.pdf
,SUBSTANTIAL SHAREHOLDER,Sale of Holdings,,,26/04/2024,2156,False,TIP,2024-05-03T15:35:02Z,https://doclib.ngxgroup.com/Financial_NewsDocs/207_RICHGATE_Sharedealing_of_26th_April.pdf
,SUBSTANTIAL SHAREHOLDER,Purchase of Holdings,,,26/04/2024,2150,False,TIP,2024-05-03T15:30:02Z,https://doclib.ngxgroup.com/Financial_NewsDocs/207_AFOLAYAN_Sharedealing_of_26th_April.pdf
,SUBSTANTIAL SHAREHOLDER,Sale of Holdings,,,26/04/2024,2147,False,TIP,2024-05-03T15:25:04Z,https://doclib.ngxgroup.com/Financial_NewsDocs/207_DVCF_Sharedealing_of_26th_April.pdf
,SUBSTANTIAL SHAREHOLDER,Purchase of Holdings,,,25/04/2024,2159,False,TIP,2024-05-03T09:35:33Z,https://doclib.ngxgroup.com/Financial_NewsDocs/207_AFOLAYAN_Sharedealing_of_25th_April.pdf
,SUBSTANTIAL SHAREHOLDER,Sale of Holdings,,,25/04/2024,2143,False,TIP,2024-05-03T09:35:02Z,https://doclib.ngxgroup.com/Financial_NewsDocs/207_DVCF_Sharedealing_of_25th_April.pdf
Tina Nwaiwu,Head of Sales,PURCHASE OF SHARES,"31,500",17.10,"April 30, 2024",1461,False,UCAP,2024-04-30T17:35:02Z,https://doclib.ngxgroup.com/Financial_NewsDocs/176_NOTICE_OF_INSIDER_DEALING-PURCHASE-TINA_NWAIWU-30.04.2024.pdf
Uwe Ukwa,"Team Member, Trade and Investment",SALE OF SHARES,8297,15.73199,"April 30, 2024",1471,False,UCAP,2024-04-30T17:25:01Z,https://doclib.ngxgroup.com/Financial_NewsDocs/176_NOTICE_OF_INSIDER_DEALING-SALE-UWE_UKWA-30.04.2024.pdf
,SUBSTANTIAL SHAREHOLDER,Purchase of Holdings,,,24/04/2024,2156,False,TIP,2024-04-30T15:40:01Z,https://doclib.ngxgroup.com/Financial_NewsDocs/207_AFOLAYAN_Sharedealing_of_24th_April.pdf
,SUBSTANTIAL SHAREHOLDER,Sale of Holdings,,,24/04/2024,2141,False,TIP,2024-04-30T15:35:03Z,https://doclib.ngxgroup.com/Financial_NewsDocs/207_DVCF_Sharedealing_of_24th_April.pdf
Otusanya Taiwo Niyi,"Team Member, Corporate Services",PURCHASE OF SHARES,348,17,"April 29, 2024",1473,False,UCAP,2024-04-30T07:40:04Z,https://doclib.ngxgroup.com/Financial_NewsDocs/176_NOTICE_OF_INSIDER_DEALING-PURCHASE-OTUNSANYA_TAIWO_NIYI-29.04.2024.pdf
,SUBSTANTIAL SHAREHOLDER,Purchase of Holdings,,,23/04/2024,2147,False,TIP,2024-04-29T15:40:02Z,https://doclib.ngxgroup.com/Financial_NewsDocs/207_AFOLAYAN_Sharedealing_of_23rd_April.pdf
,SUBSTANTIAL SHAREHOLDER,Sale of Holdings,,,23/04/2024,2152,False,TIP,2024-04-29T15:31:06Z,https://doclib.ngxgroup.com/Financial_NewsDocs/207_DVCF_Sharedealing_of_23rd_April.pdf
,SUBSTANTIAL SHAREHOLDER,Purchase of Holdings,,,22/04/2024,2164,False,TIP,2024-04-29T15:25:33Z,https://doclib.ngxgroup.com/Financial_NewsDocs/207_AFOLAYAN_Sharedealing_of_22nd_April.pdf
,SUBSTANTIAL SHAREHOLDER,Sale of Holdings,,,22/04/2024,2160,False,TIP,2024-04-29T15:25:01Z,https://doclib.ngxgroup.com/Financial_NewsDocs/207_DVCF_Sharedealing_of_22nd_April.pdf
,SUBSTANTIAL SHAREHOLDER,Purchase of Holdings,,,18/04/2024,2152,False,TIP,2024-04-29T13:30:02Z,https://doclib.ngxgroup.com/Financial_NewsDocs/207_AFOLAYAN_Sharedealing_of_18th_April.pdf
,SUBSTANTIAL SHAREHOLDER,Sale of Holdings,,,18/04/2024,2144,False,TIP,2024-04-29T13:25:01Z,https://doclib.ngxgroup.com/Financial_NewsDocs/207_DVCF_Sharedealing_of_18th_April.pdf
Ugonnaya Osi,"Head, Institutional and Group Trade",SALES OF SHARES,"1,335",16.55,"April 26, 2024",1477,False,UCAP,2024-04-28T20:30:02Z,https://doclib.ngxgroup.com/Financial_NewsDocs/176_NOTICE_OF_INSIDER_DEALING-SALES-UGONNAYA_OSI-26.04.2024.pdf
Otusanya Taiwo Niyi,"Team Member, Corporate Services",PURCHASE OF SHARES,"4,230",16.75,"April 26, 2024",1483,False,UCAP,2024-04-28T20:10:03Z,https://doclib.ngxgroup.com/Financial_NewsDocs/176_NOTICE_OF_INSIDER_DEALING-PURCHASE-OTUNSANYA_TAIWO_NIYI-26.04.2024.pdf
Iwuala Onyinyechi Divine,Operations Analyst,PURCHASE OF SHARES,88,16.55,"April 26, 2024",1469,False,UCAP,2024-04-28T20:05:03Z,https://doclib.ngxgroup.com/Financial_NewsDocs/176_NOTICE_OF_INSIDER_DEALING-PURCHASE-IWUALA_ONYINYECHI_DIVINE-26.04.2024.pdf
Ugonnaya Osi,"Head, Institutional and Group Trade",SALES OF SHARES,"118,900",16.796075,"April 25, 2024",1488,False,UCAP,2024-04-26T08:00:02Z,https://doclib.ngxgroup.com/Financial_NewsDocs/176_NOTICE_OF_INSIDER_DEALING-SALES-UGONNAYA_OSI-25.04.2024.pdf
Otusanya Taiwo Niyi,"Team Member, Corporate Services",PURCHASE OF SHARES,"45,432",17,"April 25, 2024",1481,False,UCAP,2024-04-26T07:55:02Z,https://doclib.ngxgroup.com/Financial_NewsDocs/176_NOTICE_OF_INSIDER_DEALING-PURCHASE-OTUNSANYA_TAIWO_NIYI-25.04.2024.pdf
,SUBSTANTIAL SHAREHOLDER,Purchase of Holdings,,,19/04/2024,2158,False,TIP,2024-04-25T15:25:36Z,https://doclib.ngxgroup.com/Financial_NewsDocs/207_AFOLAYAN_Sharedealing_of_19th_April.pdf
,SUBSTANTIAL SHAREHOLDER,Sale of Holdings,,,19/04/2024,2150,False,TIP,2024-04-25T15:25:04Z,https://doclib.ngxgroup.com/Financial_NewsDocs/207_DVCF_Sharedealing_of_19th_April.pdf
Houessinon Priscilla Sename,Trade and Investment Officer,PURCHASE OF SHARES,935,17,"April 23, 2024",1480,False,UCAP,2024-04-24T17:15:03Z,https://doclib.ngxgroup.com/Financial_NewsDocs/176_NOTICE_OF_INSIDER_DEALING-PURCHASE-HOUESSINON_PRISCILLA_SENAME-23.04.2024.pdf
,SUBSTANTIAL SHAREHOLDER,Sale of Holdings,,,16/04/2024,2149,False,TIP,2024-04-22T13:35:02Z,https://doclib.ngxgroup.com/Financial_NewsDocs/207_DVCF_Sharedealing_of_16th_April.pdf
Iwuala Onyinyechi Divine,Operations Analyst,PURCHASE OF SHARES,306,17.85,"April 19, 2024",1470,False,UCAP,2024-04-21T10:05:07Z,https://doclib.ngxgroup.com/Financial_NewsDocs/176_NOTICE_OF_INSIDER_DEALING-PURCHASE-IWUALA_ONYINYECHI_DIVINE-19.04.2024.pdf
,SUBSTANTIAL SHAREHOLDER,Sale of Holdings,,,15/04/2024,2152,False,TIP,2024-04-19T15:45:04Z,https://doclib.ngxgroup.com/Financial_NewsDocs/207_DVCF_Sharedealing_of_15th_April.pdf
,SUBSTANTIAL SHAREHOLDER,Sale of Holdings,,,12/04/2024,2140,False,TIP,2024-04-18T13:15:04Z,https://doclib.ngxgroup.com/Financial_NewsDocs/207_DVCF_Sharedealing_of_12th_April.pdf
,SUBSTANTIAL SHAREHOLDER,Purchase of Holdings,,,08/04/2024,2157,False,TIP,2024-04-18T12:20:02Z,https://doclib.ngxgroup.com/Financial_NewsDocs/207_AFOLAYAN_Sharedealing_of_8th_April.pdf
,SUBSTANTIAL SHAREHOLDER,Sale of Holdings,,,08/04/2024,2147,False,TIP,2024-04-18T12:10:04Z,https://doclib.ngxgroup.com/Financial_NewsDocs/207_DVCF_Sharedealing_of_8th_April.pdf
,SUBSTANTIAL SHAREHOLDER,Purchase of Holdings,,,05/04/2024,2153,False,TIP,2024-04-18T09:05:02Z,https://doclib.ngxgroup.com/Financial_NewsDocs/207_AFOLAYAN_Sharedealing_of_5th_April.pdf
,SUBSTANTIAL SHAREHOLDER,Sale of Holdings,,,05/04/2024,2137,False,TIP,2024-04-18T09:00:04Z,https://doclib.ngxgroup.com/Financial_NewsDocs/207_DVCF_Sharedealing_of_5th_April.pdf
,SUBSTANTIAL SHAREHOLDER,Sale of Holdings,,,04/04/2024,2148,False,TIP,2024-04-17T10:25:03Z,https://doclib.ngxgroup.com/Financial_NewsDocs/207_DVCF_Sharedealing_of_4th_April.pdf
,SUBSTANTIAL SHAREHOLDER,Purchase of Holdings,,,04/04/2024,2159,False,TIP,2024-04-17T10:20:34Z,https://doclib.ngxgroup.com/Financial_NewsDocs/207_AFOLAYAN_Sharedealing_of_4th_April.pdf
,SUBSTANTIAL SHAREHOLDER,Sale of Holdings,,,02/04/2024,2154,False,TIP,2024-04-17T10:20:03Z,https://doclib.ngxgroup.com/Financial_NewsDocs/207_DVCF_Sharedealing_of_2nd_April.pdf
,SUBSTANTIAL SHAREHOLDER,Purchase of Holdings,,,02/04/2024,2170,False,TIP,2024-04-17T10:15:04Z,https://doclib.ngxgroup.com/Financial_NewsDocs/207_AFOLAYAN_Sharedealing_of_2nd_April.pdf
,SUBSTANTIAL SHAREHOLDER,Purchase of Holdings,,,28/03/2024,2162,False,TIP,2024-04-05T23:15:02Z,https://doclib.ngxgroup.com/Financial_NewsDocs/207_AFOLAYAN_Sharedealing_of_28th_March.pdf
,SUBSTANTIAL SHAREHOLDER,Sale of Holdings,,,28/03/2024,2168,False,TIP,2024-04-05T23:11:03Z,https://doclib.ngxgroup.com/Financial_NewsDocs/207_DVCF_Sharedealing_of_28th_March.pdf
,SUBSTANTIAL SHAREHOLDER,Purchase of Holdings,,,27/03/2024,2161,False,TIP,2024-04-05T23:05:02Z,https://doclib.ngxgroup.com/Financial_NewsDocs/207_AFOLAYAN_Sharedealing_of_27th_March.pdf
,SUBSTANTIAL SHAREHOLDER,Sale of Holdings,,,27/03/2024,2143,False,TIP,2024-04-05T23:00:03Z,https://doclib.ngxgroup.com/Financial_NewsDocs/207_DVCF_Sharedealing_of_27th_March.pdf
,SUBSTANTIAL SHAREHOLDER,Purchase of Holdings,,,26/03/2024,2166,False,TIP,2024-04-05T22:55:02Z,https://doclib.ngxgroup.com/Financial_NewsDocs/207_AFOLAYAN_Sharedealing_of_26th_March.pdf
,SUBSTANTIAL SHAREHOLDER,Sale of Holdings,,,26/03/2024,2169,False,TIP,2024-04-05T22:50:04Z,https://doclib.ngxgroup.com/Financial_NewsDocs/207_DVCF_Sharedealing_of_26th_March.pdf
,SUBSTANTIAL SHAREHOLDER,Sale of Holdings,,,25/03/2024,2152,False,TIP,2024-04-05T21:10:02Z,https://doclib.ngxgroup.com/Financial_NewsDocs/207_DVCF_Sharedealing_of_25th_March.pdf
,,,,,,401,False,MTNN,2024-03-28T17:15:03Z,https://doclib.ngxgroup.com/Financial_NewsDocs/215_MTNN_Share_Dealing_-_Funmilayo_Willoughby_March_2024.pdf
,,,,,,415,False,MTNN,2024-03-28T17:02:42Z,https://doclib.ngxgroup.com/Financial_NewsDocs/215_MTN_Nigeria_Share_Dealing_-_Jane_Ijegbulem_March_2024.pdf
,Senior Staff in Parent Company,Purchase of Shares,,,"20th March, 2024",1372,False,DANGSUGAR,2024-03-22T15:25:02Z,https://doclib.ngxgroup.com/Financial_NewsDocs/52_Notification_of_Share_Dealing_by_Insider_-Dangote_Sugar_Refinery_Plc.pdf
,,,,,,385,False,MTNN,2024-03-21T17:10:02Z,https://doclib.ngxgroup.com/Financial_NewsDocs/215_MTN_Nigeria_Share_Dealing_-_Funmilayo_Willoughby_March_2024.pdf
,Independent Non-Executive Director,Purchase of Shares,,,"March 7, 2024",1866,False,CUTIX,2024-03-18T15:09:30Z,https://doclib.ngxgroup.com/Financial_NewsDocs/Cutix_Plc_-_Notice_of_Insider_Dealings.pdf
,,,,,,385,False,MTNN,2024-03-13T22:15:03Z,https://doclib.ngxgroup.com/Financial_NewsDocs/215_MTN_Nigeria_Share_Dealing_-_Omoruyi_Augustine_Omonuwa_SAN_OFR_(March_2024).pdf
,,,,,,383,False,MTNN,2024-03-13T22:00:04Z,https://doclib.ngxgroup.com/Financial_NewsDocs/215_MTN_Nigeria_Share_Dealing_-_Aderonke_Toriola_Omisakin_March_2024.pdf
,INSIDER – GROUP CHIEF RISK OFFICER,"Purchase of 350,000 Units of DANGOTE CEMENT PLC Shares",,,"March 7, 2024",1166,False,DANGCEM,2024-03-08T17:10:02Z,https://doclib.ngxgroup.com/Financial_NewsDocs/50_DANGOTE_CEMENT_PLC_-_INSIDER_DEALING.pdf
,INSIDER – GROUP CHIEF STRATEGY OFFICER,"Purchase of 150,000 Units of DANGOTE CEMENT PLC Shares",,,"March 7, 2024",1161,False,DANGCEM,2024-03-08T17:00:02Z,https://doclib.ngxgroup.com/Financial_NewsDocs/50_DANGOTE_CEMENT_PLC_-_INSIDER_DEALINGS.pdf
,DIRECTOR,"Purchase of 2,000,000 Units of DANGOTE CEMENT PLC Shares",,,"March 7, 2024",1143,False,DANGCEM,2024-03-08T16:45:04Z,https://doclib.ngxgroup.com/Financial_NewsDocs/50_DANGOTE_CEMENT_PLC_-_DIRECTOR'S_DEALING.pdf
,Non-Executive Director,Purchase of Shares,,,As detailed in 4 (c) above,2015,False,CUTIX,2024-03-06T17:30:02Z,https://doclib.ngxgroup.com/Financial_NewsDocs/48_Cutix_Plc_-_Notification_of_Share_Dealing_by_an_Insider_-_Indirect.pdf
,Management staff,Purchase of Shares,,,As detailed in 4 (c) above,1345,False,CUTIX,2024-01-24T09:35:02Z,https://doclib.ngxgroup.com/Financial_NewsDocs/48_Cutix_Plc_-_Notice_of_Share_Dealing_By_an_Insider_T.pdf
,SUBSTANTIAL SHAREHOLDER,Sale of Holdings,,,10/01/2024,2162,False,TIP,2024-01-16T15:45:02Z,https://doclib.ngxgroup.com/Financial_NewsDocs/207_DVCF_Sharedealing_of_10th_January.pdf
,SUBSTANTIAL SHAREHOLDER,Purchase of Holdings,,,10/01/2024,2175,False,TIP,2024-01-16T15:40:02Z,https://doclib.ngxgroup.com/Financial_NewsDocs/207_AFOLAYAN_Sharedealing_of_10th_January.pdf
,SUBSTANTIAL SHAREHOLDER,Sale of Holdings,,,09/01/2024,2160,False,TIP,2024-01-16T14:10:02Z,https://doclib.ngxgroup.com/Financial_NewsDocs/207_DVCF_Sharedealing_of_9th_January.pdf
,SUBSTANTIAL SHAREHOLDER,Purchase of Holdings,,,09/01/2024,2179,False,TIP,2024-01-16T14:05:02Z,https://doclib.ngxgroup.com/Financial_NewsDocs/207_AFOLAYAN_Sharedealing_of_9th_January.pdf
,SUBSTANTIAL SHAREHOLDER,Sale of Holdings,,,08/01/2024,2166,False,TIP,2024-01-16T14:01:34Z,https://doclib.ngxgroup.com/Financial_NewsDocs/207_DVCF_Sharedealing_of_8th_January.pdf
,SUBSTANTIAL SHAREHOLDER,Purchase of Holdings,,,08/01/2024,2182,False,TIP,2024-01-16T14:01:03Z,https://doclib.ngxgroup.com/Financial_NewsDocs/207_AFOLAYAN_Sharedealing_of_8th_January.pdf
,SUBSTANTIAL SHAREHOLDER,Sale of Holdings,,,02/01/2024,2158,False,TIP,2024-01-09T08:00:34Z,https://doclib.ngxgroup.com/Financial_NewsDocs/207_DVCF_Sharedealing_of_2nd__Jan.pdf
,SUBSTANTIAL SHAREHOLDER,Sale of Holdings,,,29/12/2023,2164,False,TIP,2024-01-09T08:00:03Z,https://doclib.ngxgroup.com/Financial_NewsDocs/207_DVCF_Sharedealing_of_29th_December.pdf
,SUBSTANTIAL SHAREHOLDER,Sale of Holdings,,,28/12/2023,2160,False,TIP,2024-01-09T07:35:07Z,https://doclib.ngxgroup.com/Financial_NewsDocs/207_DVCF_Sharedealing_of_28th_December.pdf
,SUBSTANTIAL SHAREHOLDER,Sale of Holdings,,,27/12/2023,2166,False,TIP,2024-01-04T10:25:06Z,https://doclib.ngxgroup.com/Financial_NewsDocs/207_DVCF_Sharedealing_of_27th_December.pdf
,Executive Director,Stock/Share Purchase,,,29/12/23,1327,False,NAHCO,2024-01-03T12:25:03Z,https://doclib.ngxgroup.com/Financial_NewsDocs/114_NAHCO_PLC_-_Notification_of_Share_Dealing_by_Insider__SL.pdf
,SUBSTANTIAL SHAREHOLDER,Sale of Holdings,,,22/12/2023,2155,False,TIP,2024-01-03T10:35:02Z,https://doclib.ngxgroup.com/Financial_NewsDocs/207_DVCF_Sharedealing_of_22nd_December.pdf
,SUBSTANTIAL SHAREHOLDER,Sale of Holdings,,,21/12/2023,2168,False,TIP,2024-01-03T10:30:01Z,https://doclib.ngxgroup.com/Financial_NewsDocs/207_DVCF_Sharedealing_of_21st_December.pdf
,SUBSTANTIAL SHAREHOLDER,Purchase of Holdings,,,21/12/2023,2182,False,TIP,2024-01-03T10:25:02Z,https://doclib.ngxgroup.com/Financial_NewsDocs/207_AFOLAYAN_Sharedealing_of_21st_December.pdf
,SUBSTANTIAL SHAREHOLDER,Sale of Holdings,,,20/12/2023,2165,False,TIP,2024-01-03T10:15:01Z,https://doclib.ngxgroup.com/Financial_NewsDocs/207_DVCF_Sharedealing_of_20th_December.pdf
,SUBSTANTIAL SHAREHOLDER,Purchase of Holdings,,,20/12/2023,2170,False,TIP,2024-01-03T10:10:03Z,https://doclib.ngxgroup.com/Financial_NewsDocs/207_AFOLAYAN_Sharedealing_of_20th_December.pdf
,SUBSTANTIAL SHAREHOLDER,Sale of Holdings,,,19/12/2023,2186,False,TIP,2024-01-02T16:20:02Z,https://doclib.ngxgroup.com/Financial_NewsDocs/207_DVCF_Sharedealing_of_19th_December.pdf
,SUBSTANTIAL SHAREHOLDER,Purchase of Holdings,,,19/12/2023,2153,False,TIP,2024-01-02T16:15:02Z,https://doclib.ngxgroup.com/Financial_NewsDocs/207_AFOLAYAN_Sharedealing_of_19th_December.pdf
,SUBSTANTIAL SHAREHOLDER,Sale of Holdings,,,18/12/2023,2141,False,TIP,2024-01-02T16:10:03Z,https://doclib.ngxgroup.com/Financial_NewsDocs/207_DVCF_Sharedealing_of_18th_December.pdf
,SUBSTANTIAL SHAREHOLDER,Sale of Holdings,,,15/12/2023,2149,False,TIP,2024-01-02T16:05:02Z,https://doclib.ngxgroup.com/Financial_NewsDocs/207_DVCF_Sharedealing_of_15th_December.pdf
,SUBSTANTIAL SHAREHOLDER,Purchase of Holdings,,,15/12/2023,2162,False,TIP,2024-01-02T15:55:02Z,https://doclib.ngxgroup.com/Financial_NewsDocs/207_AFOLAYAN_Sharedealing_of_15th_December.pdf
